epoch,step,phase,train_loss,loss_sent,loss_prosody,val_loss,mae_total,mae_accuracy,mae_fluency,mae_prosodic,mae_completeness,rmse_total,rmse_accuracy,rmse_fluency,rmse_prosodic,rmse_completeness,pearson_total,pearson_accuracy,pearson_fluency,pearson_prosodic,pearson_completeness,spearman_total,spearman_accuracy,spearman_fluency,spearman_prosodic,spearman_completeness
1,50,train,0.075614,0.082645,0.072705,,,,,,,,,,,,,,,,,,,,,
1,100,train,0.072397,0.038022,0.061237,,,,,,,,,,,,,,,,,,,,,
1,150,train,0.061348,0.073927,0.086763,,,,,,,,,,,,,,,,,,,,,
1,200,train,0.044470,0.042193,0.098351,,,,,,,,,,,,,,,,,,,,,
1,250,train,0.037383,0.035867,0.103428,,,,,,,,,,,,,,,,,,,,,
1,300,train,0.034675,0.014764,0.112353,,,,,,,,,,,,,,,,,,,,,
1,350,train,0.026990,0.012402,0.175690,,,,,,,,,,,,,,,,,,,,,
1,400,train,0.024060,0.036786,0.158478,,,,,,,,,,,,,,,,,,,,,
1,450,train,0.026517,0.013261,0.168557,,,,,,,,,,,,,,,,,,,,,
1,500,train,0.022467,0.011177,0.197277,,,,,,,,,,,,,,,,,,,,,
1,550,train,0.014609,0.012702,0.115168,,,,,,,,,,,,,,,,,,,,,
1,600,train,0.013546,0.010269,0.228184,,,,,,,,,,,,,,,,,,,,,
1,end,val,,,,0.013512,0.088138,0.091916,0.079805,0.077850,0.663640,0.124712,0.125403,0.106375,0.107014,0.665597,0.607828,0.585160,0.674648,0.665622,-0.004478,0.536987,0.504571,0.603084,0.597206,-0.034127
2,50,train,0.012818,0.011336,0.214228,,,,,,,,,,,,,,,,,,,,,
2,100,train,0.013436,0.013998,0.228956,,,,,,,,,,,,,,,,,,,,,
2,150,train,0.010673,0.012900,0.254838,,,,,,,,,,,,,,,,,,,,,
2,200,train,0.010879,0.021621,0.241038,,,,,,,,,,,,,,,,,,,,,
2,250,train,0.011422,0.007824,0.277961,,,,,,,,,,,,,,,,,,,,,
2,300,train,0.009597,0.009428,0.237621,,,,,,,,,,,,,,,,,,,,,
2,350,train,0.010990,0.008432,0.184227,,,,,,,,,,,,,,,,,,,,,
2,400,train,0.008126,0.011726,0.199823,,,,,,,,,,,,,,,,,,,,,
2,450,train,0.012247,0.021378,0.295369,,,,,,,,,,,,,,,,,,,,,
2,500,train,0.009678,0.003982,0.306228,,,,,,,,,,,,,,,,,,,,,
2,550,train,0.009146,0.002906,0.274336,,,,,,,,,,,,,,,,,,,,,
2,600,train,0.009356,0.005587,0.251205,,,,,,,,,,,,,,,,,,,,,
2,end,val,,,,0.011950,0.081678,0.087415,0.072457,0.071466,0.652005,0.115956,0.119882,0.100769,0.099135,0.654599,0.697534,0.673369,0.730672,0.736391,-0.008914,0.672937,0.624107,0.725752,0.727688,-0.057056
3,50,train,0.008700,0.005782,0.246108,,,,,,,,,,,,,,,,,,,,,
3,100,train,0.007466,0.011050,0.196494,,,,,,,,,,,,,,,,,,,,,
3,150,train,0.009780,0.005077,0.200184,,,,,,,,,,,,,,,,,,,,,
3,200,train,0.008592,0.005290,0.284599,,,,,,,,,,,,,,,,,,,,,
3,250,train,0.007529,0.015198,0.186108,,,,,,,,,,,,,,,,,,,,,
3,300,train,0.009146,0.001651,0.184598,,,,,,,,,,,,,,,,,,,,,
3,350,train,0.007485,0.007998,0.172448,,,,,,,,,,,,,,,,,,,,,
3,400,train,0.007322,0.004911,0.221801,,,,,,,,,,,,,,,,,,,,,
3,450,train,0.008528,0.004806,0.217234,,,,,,,,,,,,,,,,,,,,,
3,500,train,0.008010,0.009227,0.226553,,,,,,,,,,,,,,,,,,,,,
3,550,train,0.007547,0.007313,0.220887,,,,,,,,,,,,,,,,,,,,,
3,600,train,0.009287,0.003129,0.202636,,,,,,,,,,,,,,,,,,,,,
3,end,val,,,,0.010879,0.080730,0.085307,0.067926,0.066701,0.621824,0.111692,0.115918,0.095063,0.092568,0.624731,0.734464,0.708401,0.769914,0.776069,-0.029355,0.737161,0.697902,0.775598,0.778449,-0.057439
4,50,train,0.007395,0.008494,0.230682,,,,,,,,,,,,,,,,,,,,,
4,100,train,0.007978,0.007790,0.296143,,,,,,,,,,,,,,,,,,,,,
4,150,train,0.006727,0.006964,0.280562,,,,,,,,,,,,,,,,,,,,,
4,200,train,0.006911,0.013615,0.308595,,,,,,,,,,,,,,,,,,,,,
4,250,train,0.007186,0.010763,0.134148,,,,,,,,,,,,,,,,,,,,,
4,300,train,0.007875,0.006442,0.170635,,,,,,,,,,,,,,,,,,,,,
4,350,train,0.007459,0.003793,0.240804,,,,,,,,,,,,,,,,,,,,,
4,400,train,0.007153,0.008191,0.325150,,,,,,,,,,,,,,,,,,,,,
4,450,train,0.006349,0.005708,0.217954,,,,,,,,,,,,,,,,,,,,,
4,500,train,0.007022,0.002655,0.283252,,,,,,,,,,,,,,,,,,,,,
4,550,train,0.006224,0.016489,0.148857,,,,,,,,,,,,,,,,,,,,,
4,600,train,0.006650,0.002226,0.279452,,,,,,,,,,,,,,,,,,,,,
4,end,val,,,,0.010577,0.077766,0.082127,0.065797,0.066222,0.610335,0.109653,0.113558,0.093032,0.093453,0.612888,0.734609,0.712093,0.773075,0.770972,-0.027462,0.735107,0.693783,0.775852,0.774934,-0.057680
5,50,train,0.005846,0.005417,0.229983,,,,,,,,,,,,,,,,,,,,,
5,100,train,0.006551,0.014222,0.221466,,,,,,,,,,,,,,,,,,,,,
5,150,train,0.006632,0.016269,0.266239,,,,,,,,,,,,,,,,,,,,,
5,200,train,0.006629,0.005513,0.306811,,,,,,,,,,,,,,,,,,,,,
5,250,train,0.005991,0.004737,0.244830,,,,,,,,,,,,,,,,,,,,,
5,300,train,0.006232,0.007224,0.267646,,,,,,,,,,,,,,,,,,,,,
5,350,train,0.005930,0.002840,0.200306,,,,,,,,,,,,,,,,,,,,,
5,400,train,0.006372,0.005702,0.262408,,,,,,,,,,,,,,,,,,,,,
5,450,train,0.006476,0.008100,0.226039,,,,,,,,,,,,,,,,,,,,,
5,500,train,0.005830,0.005840,0.243742,,,,,,,,,,,,,,,,,,,,,
5,550,train,0.006656,0.009401,0.203371,,,,,,,,,,,,,,,,,,,,,
5,600,train,0.006188,0.005769,0.290370,,,,,,,,,,,,,,,,,,,,,
5,end,val,,,,0.010435,0.076666,0.080148,0.063539,0.064706,0.623161,0.110773,0.112808,0.090187,0.092795,0.625854,0.746667,0.721349,0.788914,0.787389,-0.060567,0.749450,0.706688,0.787151,0.788794,-0.083587
6,50,train,0.005939,0.003361,0.165025,,,,,,,,,,,,,,,,,,,,,
6,100,train,0.005946,0.007535,0.147031,,,,,,,,,,,,,,,,,,,,,
6,150,train,0.005126,0.009432,0.186452,,,,,,,,,,,,,,,,,,,,,
6,200,train,0.006973,0.005322,0.240726,,,,,,,,,,,,,,,,,,,,,
6,250,train,0.005097,0.006358,0.118397,,,,,,,,,,,,,,,,,,,,,
6,300,train,0.005222,0.003870,0.239456,,,,,,,,,,,,,,,,,,,,,
6,350,train,0.006567,0.007090,0.229298,,,,,,,,,,,,,,,,,,,,,
6,400,train,0.005858,0.005666,0.175935,,,,,,,,,,,,,,,,,,,,,
6,450,train,0.005755,0.012050,0.162760,,,,,,,,,,,,,,,,,,,,,
6,500,train,0.005363,0.002600,0.199540,,,,,,,,,,,,,,,,,,,,,
6,550,train,0.005742,0.005564,0.223164,,,,,,,,,,,,,,,,,,,,,
6,600,train,0.005803,0.003401,0.215064,,,,,,,,,,,,,,,,,,,,,
6,end,val,,,,0.009989,0.076131,0.080188,0.062189,0.063142,0.607879,0.107952,0.111474,0.088615,0.089582,0.610773,0.740244,0.719275,0.784143,0.781199,-0.034941,0.742000,0.704289,0.790704,0.785936,-0.064052
7,50,train,0.005086,0.002731,0.271102,,,,,,,,,,,,,,,,,,,,,
7,100,train,0.005728,0.007466,0.190745,,,,,,,,,,,,,,,,,,,,,
7,150,train,0.005100,0.008613,0.205750,,,,,,,,,,,,,,,,,,,,,
7,200,train,0.005270,0.004823,0.257070,,,,,,,,,,,,,,,,,,,,,
7,250,train,0.005818,0.009652,0.252165,,,,,,,,,,,,,,,,,,,,,
7,300,train,0.004935,0.004298,0.316415,,,,,,,,,,,,,,,,,,,,,
7,350,train,0.005766,0.006731,0.234384,,,,,,,,,,,,,,,,,,,,,
7,400,train,0.005391,0.003687,0.180565,,,,,,,,,,,,,,,,,,,,,
7,450,train,0.004742,0.006348,0.193464,,,,,,,,,,,,,,,,,,,,,
7,500,train,0.004519,0.002874,0.189949,,,,,,,,,,,,,,,,,,,,,
7,550,train,0.005552,0.002748,0.308944,,,,,,,,,,,,,,,,,,,,,
7,600,train,0.004283,0.005105,0.209782,,,,,,,,,,,,,,,,,,,,,
7,end,val,,,,0.010725,0.076607,0.081504,0.064637,0.064454,0.625938,0.111911,0.115080,0.092356,0.092746,0.629119,0.734253,0.712744,0.782341,0.779868,-0.026867,0.735743,0.697157,0.786373,0.781946,-0.059568
8,50,train,0.004195,0.004321,0.298299,,,,,,,,,,,,,,,,,,,,,
8,100,train,0.004518,0.001336,0.201454,,,,,,,,,,,,,,,,,,,,,
8,150,train,0.004630,0.004095,0.262571,,,,,,,,,,,,,,,,,,,,,
8,200,train,0.005691,0.002652,0.172456,,,,,,,,,,,,,,,,,,,,,
8,250,train,0.005002,0.006787,0.223155,,,,,,,,,,,,,,,,,,,,,
8,300,train,0.004343,0.004454,0.259953,,,,,,,,,,,,,,,,,,,,,
8,350,train,0.004398,0.003109,0.201320,,,,,,,,,,,,,,,,,,,,,
8,400,train,0.004410,0.003882,0.156344,,,,,,,,,,,,,,,,,,,,,
8,450,train,0.004340,0.004096,0.325877,,,,,,,,,,,,,,,,,,,,,
8,500,train,0.005122,0.003920,0.204672,,,,,,,,,,,,,,,,,,,,,
8,550,train,0.005824,0.004657,0.200339,,,,,,,,,,,,,,,,,,,,,
8,600,train,0.004514,0.003288,0.191944,,,,,,,,,,,,,,,,,,,,,
8,end,val,,,,0.010536,0.075702,0.081182,0.062210,0.062447,0.630762,0.111316,0.114826,0.090590,0.091434,0.634301,0.732490,0.712012,0.778017,0.776285,0.002420,0.739695,0.699476,0.789905,0.786799,-0.034200
9,50,train,0.004195,0.005825,0.163801,,,,,,,,,,,,,,,,,,,,,
9,100,train,0.004774,0.009309,0.236195,,,,,,,,,,,,,,,,,,,,,
9,150,train,0.004480,0.004470,0.308529,,,,,,,,,,,,,,,,,,,,,
9,200,train,0.004634,0.002579,0.254452,,,,,,,,,,,,,,,,,,,,,
9,250,train,0.004636,0.003345,0.149179,,,,,,,,,,,,,,,,,,,,,
9,300,train,0.004689,0.003280,0.175114,,,,,,,,,,,,,,,,,,,,,
9,350,train,0.004162,0.004054,0.135536,,,,,,,,,,,,,,,,,,,,,
9,400,train,0.004237,0.003981,0.203921,,,,,,,,,,,,,,,,,,,,,
9,450,train,0.004305,0.003685,0.243786,,,,,,,,,,,,,,,,,,,,,
9,500,train,0.003930,0.005135,0.224975,,,,,,,,,,,,,,,,,,,,,
9,550,train,0.004299,0.001049,0.303962,,,,,,,,,,,,,,,,,,,,,
9,600,train,0.004198,0.007650,0.358293,,,,,,,,,,,,,,,,,,,,,
9,end,val,,,,0.010226,0.073541,0.078303,0.061585,0.062829,0.631310,0.108053,0.112588,0.090317,0.091629,0.633934,0.731657,0.706810,0.783916,0.782619,-0.017278,0.741709,0.702720,0.792062,0.791114,-0.051343
10,50,train,0.003749,0.003365,0.313746,,,,,,,,,,,,,,,,,,,,,
10,100,train,0.003213,0.006785,0.238622,,,,,,,,,,,,,,,,,,,,,
10,150,train,0.003778,0.005466,0.247301,,,,,,,,,,,,,,,,,,,,,
10,200,train,0.004128,0.004653,0.306336,,,,,,,,,,,,,,,,,,,,,
10,250,train,0.003802,0.003373,0.259642,,,,,,,,,,,,,,,,,,,,,
10,300,train,0.003776,0.001644,0.223043,,,,,,,,,,,,,,,,,,,,,
10,350,train,0.003824,0.007347,0.242567,,,,,,,,,,,,,,,,,,,,,
10,400,train,0.004712,0.002623,0.235048,,,,,,,,,,,,,,,,,,,,,
10,450,train,0.003261,0.002599,0.187157,,,,,,,,,,,,,,,,,,,,,
10,500,train,0.003330,0.002263,0.251382,,,,,,,,,,,,,,,,,,,,,
10,550,train,0.004730,0.002804,0.276748,,,,,,,,,,,,,,,,,,,,,
10,600,train,0.004040,0.002697,0.316723,,,,,,,,,,,,,,,,,,,,,
10,end,val,,,,0.011158,0.079395,0.083502,0.068089,0.067812,0.645509,0.113210,0.116294,0.095185,0.096072,0.649401,0.739900,0.714041,0.792044,0.791259,-0.052790,0.744573,0.705045,0.796349,0.794994,-0.079211
11,50,train,0.003463,0.002579,0.227655,,,,,,,,,,,,,,,,,,,,,
11,100,train,0.003765,0.005571,0.291817,,,,,,,,,,,,,,,,,,,,,
11,150,train,0.003737,0.002693,0.244414,,,,,,,,,,,,,,,,,,,,,
11,200,train,0.004103,0.007042,0.252511,,,,,,,,,,,,,,,,,,,,,
11,250,train,0.004569,0.007173,0.258445,,,,,,,,,,,,,,,,,,,,,
11,300,train,0.003461,0.002242,0.287860,,,,,,,,,,,,,,,,,,,,,
11,350,train,0.003479,0.003825,0.231612,,,,,,,,,,,,,,,,,,,,,
11,400,train,0.003812,0.002114,0.269322,,,,,,,,,,,,,,,,,,,,,
11,450,train,0.003714,0.004478,0.229446,,,,,,,,,,,,,,,,,,,,,
11,500,train,0.003361,0.003595,0.250305,,,,,,,,,,,,,,,,,,,,,
11,550,train,0.003945,0.003354,0.226588,,,,,,,,,,,,,,,,,,,,,
11,600,train,0.003625,0.002574,0.345408,,,,,,,,,,,,,,,,,,,,,
11,end,val,,,,0.011717,0.081706,0.083956,0.064248,0.067127,0.636876,0.119466,0.121485,0.092655,0.096191,0.639252,0.724337,0.695078,0.788901,0.785746,-0.043794,0.736284,0.698301,0.790851,0.785846,-0.074145
12,50,train,0.003548,0.001170,0.172817,,,,,,,,,,,,,,,,,,,,,
12,100,train,0.003428,0.004922,0.258174,,,,,,,,,,,,,,,,,,,,,
12,150,train,0.003532,0.006841,0.273594,,,,,,,,,,,,,,,,,,,,,
12,200,train,0.003662,0.004571,0.280059,,,,,,,,,,,,,,,,,,,,,
12,250,train,0.003125,0.002670,0.176986,,,,,,,,,,,,,,,,,,,,,
12,300,train,0.003744,0.003199,0.191159,,,,,,,,,,,,,,,,,,,,,
12,350,train,0.003656,0.002267,0.312022,,,,,,,,,,,,,,,,,,,,,
12,400,train,0.003438,0.000935,0.214759,,,,,,,,,,,,,,,,,,,,,
12,450,train,0.003629,0.002580,0.203389,,,,,,,,,,,,,,,,,,,,,
12,500,train,0.003583,0.002432,0.267123,,,,,,,,,,,,,,,,,,,,,
12,550,train,0.003427,0.002703,0.140614,,,,,,,,,,,,,,,,,,,,,
12,600,train,0.003504,0.002846,0.230877,,,,,,,,,,,,,,,,,,,,,
12,end,val,,,,0.010022,0.073083,0.077822,0.061214,0.063039,0.631686,0.107812,0.112289,0.087977,0.090080,0.634285,0.734252,0.705555,0.788004,0.784376,-0.038511,0.745594,0.700436,0.795129,0.789202,-0.068311
13,50,train,0.002800,0.004760,0.260083,,,,,,,,,,,,,,,,,,,,,
13,100,train,0.002956,0.002324,0.305591,,,,,,,,,,,,,,,,,,,,,
13,150,train,0.003494,0.001648,0.240452,,,,,,,,,,,,,,,,,,,,,
13,200,train,0.003266,0.007245,0.238482,,,,,,,,,,,,,,,,,,,,,
13,250,train,0.003789,0.004980,0.202263,,,,,,,,,,,,,,,,,,,,,
13,300,train,0.003362,0.005253,0.212321,,,,,,,,,,,,,,,,,,,,,
13,350,train,0.003250,0.002498,0.299621,,,,,,,,,,,,,,,,,,,,,
13,400,train,0.002801,0.002625,0.251487,,,,,,,,,,,,,,,,,,,,,
13,450,train,0.003065,0.000865,0.263774,,,,,,,,,,,,,,,,,,,,,
13,500,train,0.003060,0.003960,0.163612,,,,,,,,,,,,,,,,,,,,,
13,550,train,0.003182,0.005039,0.248112,,,,,,,,,,,,,,,,,,,,,
13,600,train,0.003725,0.003631,0.226439,,,,,,,,,,,,,,,,,,,,,
13,end,val,,,,0.010293,0.073229,0.077743,0.064032,0.064394,0.641495,0.107286,0.111208,0.092844,0.093130,0.644102,0.735377,0.712585,0.779745,0.776030,-0.023621,0.739015,0.695554,0.793543,0.784961,-0.058881
14,50,train,0.002885,0.002447,0.179442,,,,,,,,,,,,,,,,,,,,,
14,100,train,0.003167,0.006572,0.209656,,,,,,,,,,,,,,,,,,,,,
14,150,train,0.003381,0.001921,0.209201,,,,,,,,,,,,,,,,,,,,,
14,200,train,0.002924,0.003830,0.247978,,,,,,,,,,,,,,,,,,,,,
14,250,train,0.003334,0.004246,0.254208,,,,,,,,,,,,,,,,,,,,,
14,300,train,0.003463,0.002995,0.287734,,,,,,,,,,,,,,,,,,,,,
14,350,train,0.003473,0.004207,0.241215,,,,,,,,,,,,,,,,,,,,,
14,400,train,0.002973,0.001731,0.204981,,,,,,,,,,,,,,,,,,,,,
14,450,train,0.003116,0.004170,0.232101,,,,,,,,,,,,,,,,,,,,,
14,500,train,0.003165,0.006761,0.311422,,,,,,,,,,,,,,,,,,,,,
14,550,train,0.003492,0.003225,0.181098,,,,,,,,,,,,,,,,,,,,,
14,600,train,0.003139,0.001850,0.262728,,,,,,,,,,,,,,,,,,,,,
14,end,val,,,,0.011351,0.079455,0.083201,0.067530,0.066794,0.634647,0.114720,0.117378,0.096185,0.096000,0.637914,0.727719,0.703320,0.781152,0.777639,-0.018447,0.734556,0.694259,0.788659,0.781973,-0.050918
15,50,train,0.002750,0.002662,0.297773,,,,,,,,,,,,,,,,,,,,,
15,100,train,0.003542,0.003003,0.179925,,,,,,,,,,,,,,,,,,,,,
15,150,train,0.004025,0.005125,0.230986,,,,,,,,,,,,,,,,,,,,,
15,200,train,0.002998,0.002258,0.357418,,,,,,,,,,,,,,,,,,,,,
15,250,train,0.002853,0.006526,0.178142,,,,,,,,,,,,,,,,,,,,,
15,300,train,0.002973,0.003304,0.197253,,,,,,,,,,,,,,,,,,,,,
15,350,train,0.002942,0.001677,0.135588,,,,,,,,,,,,,,,,,,,,,
15,400,train,0.003163,0.001350,0.170044,,,,,,,,,,,,,,,,,,,,,
15,450,train,0.002937,0.002968,0.227389,,,,,,,,,,,,,,,,,,,,,
15,500,train,0.002798,0.002269,0.262755,,,,,,,,,,,,,,,,,,,,,
15,550,train,0.003099,0.003117,0.224366,,,,,,,,,,,,,,,,,,,,,
15,600,train,0.002726,0.002257,0.219796,,,,,,,,,,,,,,,,,,,,,
15,end,val,,,,0.010292,0.075249,0.079120,0.061965,0.062931,0.609264,0.110312,0.114023,0.088619,0.090240,0.612199,0.728000,0.703287,0.783271,0.779818,-0.038786,0.736844,0.699437,0.790063,0.783288,-0.067398
16,50,train,0.002362,0.002360,0.202431,,,,,,,,,,,,,,,,,,,,,
16,100,train,0.002373,0.002909,0.158888,,,,,,,,,,,,,,,,,,,,,
16,150,train,0.002566,0.001936,0.226824,,,,,,,,,,,,,,,,,,,,,
16,200,train,0.003160,0.003665,0.207690,,,,,,,,,,,,,,,,,,,,,
16,250,train,0.002733,0.002040,0.233186,,,,,,,,,,,,,,,,,,,,,
16,300,train,0.002916,0.004357,0.166320,,,,,,,,,,,,,,,,,,,,,
16,350,train,0.002885,0.002113,0.202120,,,,,,,,,,,,,,,,,,,,,
16,400,train,0.002693,0.003782,0.163337,,,,,,,,,,,,,,,,,,,,,
16,450,train,0.002715,0.002656,0.174931,,,,,,,,,,,,,,,,,,,,,
16,500,train,0.002657,0.003505,0.227379,,,,,,,,,,,,,,,,,,,,,
16,550,train,0.003183,0.002168,0.199589,,,,,,,,,,,,,,,,,,,,,
16,600,train,0.003352,0.004857,0.180572,,,,,,,,,,,,,,,,,,,,,
16,end,val,,,,0.010732,0.075729,0.082315,0.062756,0.063821,0.620227,0.111900,0.117821,0.090181,0.091603,0.623102,0.721777,0.693482,0.774684,0.771082,-0.018068,0.732238,0.688819,0.785071,0.783338,-0.048562
17,50,train,0.002424,0.001011,0.180452,,,,,,,,,,,,,,,,,,,,,
17,100,train,0.002630,0.001944,0.246724,,,,,,,,,,,,,,,,,,,,,
17,150,train,0.002532,0.002022,0.247769,,,,,,,,,,,,,,,,,,,,,
17,200,train,0.002703,0.003771,0.222935,,,,,,,,,,,,,,,,,,,,,
17,250,train,0.002832,0.003508,0.451334,,,,,,,,,,,,,,,,,,,,,
17,300,train,0.002774,0.001501,0.153046,,,,,,,,,,,,,,,,,,,,,
17,350,train,0.002993,0.002177,0.154768,,,,,,,,,,,,,,,,,,,,,
17,400,train,0.002558,0.003506,0.225378,,,,,,,,,,,,,,,,,,,,,
17,450,train,0.002574,0.002339,0.245718,,,,,,,,,,,,,,,,,,,,,
17,500,train,0.002486,0.001294,0.122238,,,,,,,,,,,,,,,,,,,,,
17,550,train,0.002321,0.001383,0.185623,,,,,,,,,,,,,,,,,,,,,
17,600,train,0.002567,0.002719,0.168076,,,,,,,,,,,,,,,,,,,,,
17,end,val,,,,0.011245,0.081387,0.082781,0.063169,0.065047,0.629883,0.117279,0.117744,0.091650,0.094666,0.633107,0.726688,0.702829,0.779122,0.775851,-0.016405,0.731534,0.689197,0.789103,0.783801,-0.048259
18,50,train,0.002177,0.002056,0.244932,,,,,,,,,,,,,,,,,,,,,
18,100,train,0.002538,0.001667,0.289273,,,,,,,,,,,,,,,,,,,,,
18,150,train,0.002734,0.002245,0.349084,,,,,,,,,,,,,,,,,,,,,
18,200,train,0.002692,0.006922,0.333107,,,,,,,,,,,,,,,,,,,,,
18,250,train,0.002621,0.005247,0.231595,,,,,,,,,,,,,,,,,,,,,
18,300,train,0.002585,0.004824,0.279406,,,,,,,,,,,,,,,,,,,,,
18,350,train,0.002699,0.002272,0.209233,,,,,,,,,,,,,,,,,,,,,
18,400,train,0.002322,0.002302,0.263615,,,,,,,,,,,,,,,,,,,,,
18,450,train,0.002781,0.001783,0.263595,,,,,,,,,,,,,,,,,,,,,
18,500,train,0.003074,0.001590,0.361966,,,,,,,,,,,,,,,,,,,,,
18,550,train,0.003086,0.005624,0.271935,,,,,,,,,,,,,,,,,,,,,
18,600,train,0.002696,0.002119,0.165323,,,,,,,,,,,,,,,,,,,,,
18,end,val,,,,0.010493,0.075678,0.079191,0.061931,0.063974,0.617416,0.111087,0.114166,0.090112,0.092065,0.620235,0.723344,0.700748,0.778286,0.770496,-0.014290,0.731258,0.693285,0.787652,0.779286,-0.045897
19,50,train,0.002954,0.003112,0.217995,,,,,,,,,,,,,,,,,,,,,
19,100,train,0.002171,0.003421,0.144457,,,,,,,,,,,,,,,,,,,,,
19,150,train,0.002639,0.001759,0.232194,,,,,,,,,,,,,,,,,,,,,
19,200,train,0.002638,0.002857,0.159418,,,,,,,,,,,,,,,,,,,,,
19,250,train,0.002705,0.003087,0.304042,,,,,,,,,,,,,,,,,,,,,
19,300,train,0.002568,0.003109,0.216456,,,,,,,,,,,,,,,,,,,,,
19,350,train,0.002437,0.001220,0.228671,,,,,,,,,,,,,,,,,,,,,
19,400,train,0.002471,0.001429,0.286999,,,,,,,,,,,,,,,,,,,,,
19,450,train,0.002720,0.000896,0.269413,,,,,,,,,,,,,,,,,,,,,
19,500,train,0.002419,0.002481,0.315216,,,,,,,,,,,,,,,,,,,,,
19,550,train,0.002572,0.003322,0.234757,,,,,,,,,,,,,,,,,,,,,
19,600,train,0.002923,0.004873,0.257967,,,,,,,,,,,,,,,,,,,,,
19,end,val,,,,0.010852,0.077651,0.081379,0.062087,0.064867,0.620492,0.113999,0.116296,0.089855,0.093889,0.623341,0.729849,0.701782,0.783454,0.777299,-0.029267,0.733760,0.688586,0.791541,0.784875,-0.063191
20,50,train,0.002528,0.001816,0.186695,,,,,,,,,,,,,,,,,,,,,
20,100,train,0.002472,0.001965,0.193296,,,,,,,,,,,,,,,,,,,,,
20,150,train,0.002601,0.001796,0.214553,,,,,,,,,,,,,,,,,,,,,
20,200,train,0.002376,0.005089,0.194363,,,,,,,,,,,,,,,,,,,,,
20,250,train,0.002129,0.002612,0.200882,,,,,,,,,,,,,,,,,,,,,
20,300,train,0.002363,0.002637,0.197837,,,,,,,,,,,,,,,,,,,,,
20,350,train,0.002804,0.002645,0.229261,,,,,,,,,,,,,,,,,,,,,
20,400,train,0.002579,0.001867,0.223129,,,,,,,,,,,,,,,,,,,,,
20,450,train,0.002231,0.001897,0.253294,,,,,,,,,,,,,,,,,,,,,
20,500,train,0.002238,0.001193,0.307100,,,,,,,,,,,,,,,,,,,,,
20,550,train,0.002358,0.001338,0.156739,,,,,,,,,,,,,,,,,,,,,
20,600,train,0.002349,0.002712,0.241067,,,,,,,,,,,,,,,,,,,,,
20,end,val,,,,0.010414,0.074895,0.080968,0.062296,0.063769,0.622537,0.109345,0.115740,0.089425,0.091153,0.625804,0.730797,0.702944,0.784495,0.777706,-0.034722,0.735984,0.695365,0.790160,0.784173,-0.067094
21,50,train,0.002263,0.002083,0.265095,,,,,,,,,,,,,,,,,,,,,
21,100,train,0.002340,0.002304,0.208362,,,,,,,,,,,,,,,,,,,,,
21,150,train,0.002415,0.002849,0.251864,,,,,,,,,,,,,,,,,,,,,
21,200,train,0.002413,0.003111,0.251230,,,,,,,,,,,,,,,,,,,,,
21,250,train,0.002394,0.003298,0.248446,,,,,,,,,,,,,,,,,,,,,
21,300,train,0.002277,0.003174,0.271836,,,,,,,,,,,,,,,,,,,,,
21,350,train,0.002447,0.002833,0.253034,,,,,,,,,,,,,,,,,,,,,
21,400,train,0.002232,0.002996,0.255031,,,,,,,,,,,,,,,,,,,,,
21,450,train,0.002078,0.002075,0.194823,,,,,,,,,,,,,,,,,,,,,
21,500,train,0.002167,0.000843,0.217269,,,,,,,,,,,,,,,,,,,,,
21,550,train,0.002445,0.001612,0.202158,,,,,,,,,,,,,,,,,,,,,
21,600,train,0.002620,0.002113,0.258405,,,,,,,,,,,,,,,,,,,,,
21,end,val,,,,0.010605,0.077235,0.080997,0.062101,0.062861,0.615754,0.112950,0.115795,0.089553,0.090750,0.618701,0.729163,0.706106,0.779854,0.776948,-0.021373,0.735808,0.697181,0.789627,0.784294,-0.055641
22,50,train,0.002633,0.001881,0.207775,,,,,,,,,,,,,,,,,,,,,
22,100,train,0.002333,0.001842,0.223597,,,,,,,,,,,,,,,,,,,,,
22,150,train,0.002015,0.002132,0.293845,,,,,,,,,,,,,,,,,,,,,
22,200,train,0.002396,0.002872,0.263848,,,,,,,,,,,,,,,,,,,,,
22,250,train,0.002232,0.001673,0.270660,,,,,,,,,,,,,,,,,,,,,
22,300,train,0.002338,0.001366,0.210629,,,,,,,,,,,,,,,,,,,,,
22,350,train,0.002229,0.002679,0.186448,,,,,,,,,,,,,,,,,,,,,
22,400,train,0.002362,0.001532,0.225587,,,,,,,,,,,,,,,,,,,,,
22,450,train,0.002469,0.002654,0.200533,,,,,,,,,,,,,,,,,,,,,
22,500,train,0.002285,0.003071,0.208033,,,,,,,,,,,,,,,,,,,,,
22,550,train,0.002472,0.006538,0.144523,,,,,,,,,,,,,,,,,,,,,
22,600,train,0.002494,0.003348,0.156661,,,,,,,,,,,,,,,,,,,,,
22,end,val,,,,0.010239,0.074449,0.079795,0.062516,0.063177,0.599841,0.109275,0.114138,0.088579,0.090228,0.602455,0.733464,0.708901,0.785250,0.777486,-0.038017,0.738053,0.696789,0.794235,0.786104,-0.067442
23,50,train,0.002217,0.002437,0.261137,,,,,,,,,,,,,,,,,,,,,
23,100,train,0.001951,0.001984,0.266327,,,,,,,,,,,,,,,,,,,,,
23,150,train,0.003023,0.002236,0.199732,,,,,,,,,,,,,,,,,,,,,
23,200,train,0.002277,0.002282,0.203485,,,,,,,,,,,,,,,,,,,,,
23,250,train,0.002019,0.001985,0.221679,,,,,,,,,,,,,,,,,,,,,
23,300,train,0.002492,0.002255,0.239554,,,,,,,,,,,,,,,,,,,,,
23,350,train,0.002259,0.003029,0.228909,,,,,,,,,,,,,,,,,,,,,
23,400,train,0.002292,0.001721,0.230969,,,,,,,,,,,,,,,,,,,,,
23,450,train,0.002195,0.001053,0.345979,,,,,,,,,,,,,,,,,,,,,
23,500,train,0.002065,0.002363,0.202304,,,,,,,,,,,,,,,,,,,,,
23,550,train,0.002001,0.003612,0.172050,,,,,,,,,,,,,,,,,,,,,
23,600,train,0.002299,0.004035,0.205639,,,,,,,,,,,,,,,,,,,,,
23,end,val,,,,0.011501,0.078568,0.083294,0.065934,0.067111,0.619567,0.115516,0.120012,0.094310,0.096764,0.622191,0.727685,0.699164,0.782967,0.776573,-0.034758,0.730734,0.688464,0.789889,0.782307,-0.069595
24,50,train,0.002588,0.001634,0.198015,,,,,,,,,,,,,,,,,,,,,
24,100,train,0.002064,0.002989,0.231818,,,,,,,,,,,,,,,,,,,,,
24,150,train,0.002064,0.002064,0.156315,,,,,,,,,,,,,,,,,,,,,
24,200,train,0.002210,0.002279,0.266684,,,,,,,,,,,,,,,,,,,,,
24,250,train,0.002333,0.003154,0.292756,,,,,,,,,,,,,,,,,,,,,
24,300,train,0.002209,0.001857,0.173088,,,,,,,,,,,,,,,,,,,,,
24,350,train,0.002715,0.002664,0.195353,,,,,,,,,,,,,,,,,,,,,
24,400,train,0.002028,0.001298,0.198873,,,,,,,,,,,,,,,,,,,,,
24,450,train,0.002086,0.001428,0.281645,,,,,,,,,,,,,,,,,,,,,
24,500,train,0.001875,0.003591,0.218453,,,,,,,,,,,,,,,,,,,,,
24,550,train,0.001986,0.003292,0.271545,,,,,,,,,,,,,,,,,,,,,
24,600,train,0.002144,0.000815,0.251011,,,,,,,,,,,,,,,,,,,,,
24,end,val,,,,0.010681,0.076048,0.080793,0.063609,0.065738,0.606364,0.110427,0.114976,0.091361,0.094666,0.608921,0.724510,0.701567,0.775594,0.764159,-0.027617,0.727762,0.685711,0.784703,0.777975,-0.060928
25,50,train,0.001921,0.003249,0.217097,,,,,,,,,,,,,,,,,,,,,
25,100,train,0.002010,0.001179,0.179588,,,,,,,,,,,,,,,,,,,,,
25,150,train,0.001822,0.001798,0.141395,,,,,,,,,,,,,,,,,,,,,
25,200,train,0.001917,0.001679,0.236152,,,,,,,,,,,,,,,,,,,,,
25,250,train,0.001912,0.001764,0.252086,,,,,,,,,,,,,,,,,,,,,
25,300,train,0.002067,0.002044,0.193162,,,,,,,,,,,,,,,,,,,,,
25,350,train,0.002151,0.000643,0.178095,,,,,,,,,,,,,,,,,,,,,
25,400,train,0.002026,0.002111,0.249370,,,,,,,,,,,,,,,,,,,,,
25,450,train,0.002195,0.000772,0.227683,,,,,,,,,,,,,,,,,,,,,
25,500,train,0.002206,0.002906,0.258729,,,,,,,,,,,,,,,,,,,,,
25,550,train,0.001788,0.001141,0.273497,,,,,,,,,,,,,,,,,,,,,
25,600,train,0.001986,0.001080,0.209308,,,,,,,,,,,,,,,,,,,,,
25,end,val,,,,0.010880,0.076798,0.081066,0.064905,0.065011,0.612102,0.112117,0.116052,0.092996,0.093988,0.614679,0.729581,0.700843,0.784856,0.778702,-0.040357,0.732236,0.688251,0.791187,0.785429,-0.072152
26,50,train,0.001866,0.002247,0.205566,,,,,,,,,,,,,,,,,,,,,
26,100,train,0.001928,0.001075,0.209269,,,,,,,,,,,,,,,,,,,,,
26,150,train,0.001955,0.000991,0.239566,,,,,,,,,,,,,,,,,,,,,
26,200,train,0.001830,0.003750,0.286158,,,,,,,,,,,,,,,,,,,,,
26,250,train,0.001918,0.001899,0.219358,,,,,,,,,,,,,,,,,,,,,
26,300,train,0.001976,0.003713,0.249159,,,,,,,,,,,,,,,,,,,,,
26,350,train,0.001914,0.002941,0.243043,,,,,,,,,,,,,,,,,,,,,
26,400,train,0.001681,0.001824,0.268844,,,,,,,,,,,,,,,,,,,,,
26,450,train,0.001948,0.001753,0.197781,,,,,,,,,,,,,,,,,,,,,
26,500,train,0.001994,0.003369,0.227365,,,,,,,,,,,,,,,,,,,,,
26,550,train,0.002046,0.001671,0.214326,,,,,,,,,,,,,,,,,,,,,
26,600,train,0.001787,0.000734,0.314254,,,,,,,,,,,,,,,,,,,,,
26,end,val,,,,0.010779,0.077381,0.080498,0.062479,0.064302,0.600950,0.113530,0.116385,0.089825,0.092815,0.603351,0.726846,0.697824,0.785996,0.777574,-0.034576,0.730385,0.689212,0.790175,0.780883,-0.066895
27,50,train,0.001886,0.001553,0.266116,,,,,,,,,,,,,,,,,,,,,
27,100,train,0.002104,0.001366,0.276292,,,,,,,,,,,,,,,,,,,,,
27,150,train,0.001780,0.002276,0.367488,,,,,,,,,,,,,,,,,,,,,
27,200,train,0.001806,0.001662,0.291048,,,,,,,,,,,,,,,,,,,,,
27,250,train,0.002140,0.001204,0.213290,,,,,,,,,,,,,,,,,,,,,
27,300,train,0.001802,0.003036,0.173842,,,,,,,,,,,,,,,,,,,,,
27,350,train,0.001993,0.002809,0.220460,,,,,,,,,,,,,,,,,,,,,
27,400,train,0.001859,0.001051,0.221283,,,,,,,,,,,,,,,,,,,,,
27,450,train,0.002027,0.001474,0.282937,,,,,,,,,,,,,,,,,,,,,
27,500,train,0.001690,0.002046,0.184507,,,,,,,,,,,,,,,,,,,,,
27,550,train,0.002031,0.001570,0.220714,,,,,,,,,,,,,,,,,,,,,
27,600,train,0.001749,0.002859,0.155271,,,,,,,,,,,,,,,,,,,,,
27,end,val,,,,0.010795,0.077172,0.080676,0.061980,0.064485,0.606679,0.113443,0.116616,0.089446,0.093338,0.609124,0.727016,0.698905,0.782142,0.773657,-0.027611,0.730258,0.686565,0.791437,0.778938,-0.061103
28,50,train,0.001747,0.000832,0.259291,,,,,,,,,,,,,,,,,,,,,
28,100,train,0.001654,0.001057,0.236747,,,,,,,,,,,,,,,,,,,,,
28,150,train,0.001872,0.002285,0.236687,,,,,,,,,,,,,,,,,,,,,
28,200,train,0.001786,0.001853,0.215859,,,,,,,,,,,,,,,,,,,,,
28,250,train,0.002118,0.002149,0.220785,,,,,,,,,,,,,,,,,,,,,
28,300,train,0.001897,0.004162,0.156137,,,,,,,,,,,,,,,,,,,,,
28,350,train,0.001845,0.002918,0.461865,,,,,,,,,,,,,,,,,,,,,
28,400,train,0.001976,0.002573,0.192542,,,,,,,,,,,,,,,,,,,,,
28,450,train,0.001728,0.001423,0.239990,,,,,,,,,,,,,,,,,,,,,
28,500,train,0.001949,0.002133,0.264407,,,,,,,,,,,,,,,,,,,,,
28,550,train,0.002027,0.001692,0.195480,,,,,,,,,,,,,,,,,,,,,
28,600,train,0.001723,0.001803,0.287881,,,,,,,,,,,,,,,,,,,,,
28,end,val,,,,0.011521,0.079444,0.081712,0.065377,0.066879,0.619855,0.116881,0.118601,0.094154,0.097433,0.622210,0.719726,0.692103,0.781626,0.774716,-0.027281,0.729644,0.687172,0.790801,0.782600,-0.060821
29,50,train,0.001862,0.001781,0.196058,,,,,,,,,,,,,,,,,,,,,
29,100,train,0.001711,0.001305,0.265073,,,,,,,,,,,,,,,,,,,,,
29,150,train,0.002197,0.002949,0.109806,,,,,,,,,,,,,,,,,,,,,
29,200,train,0.001867,0.002447,0.208357,,,,,,,,,,,,,,,,,,,,,
29,250,train,0.002215,0.002083,0.160309,,,,,,,,,,,,,,,,,,,,,
29,300,train,0.001650,0.000689,0.242791,,,,,,,,,,,,,,,,,,,,,
29,350,train,0.001850,0.002260,0.196338,,,,,,,,,,,,,,,,,,,,,
29,400,train,0.001816,0.001727,0.147687,,,,,,,,,,,,,,,,,,,,,
29,450,train,0.001726,0.002495,0.197698,,,,,,,,,,,,,,,,,,,,,
29,500,train,0.001829,0.001947,0.198357,,,,,,,,,,,,,,,,,,,,,
29,550,train,0.001709,0.001363,0.272417,,,,,,,,,,,,,,,,,,,,,
29,600,train,0.001923,0.001119,0.198187,,,,,,,,,,,,,,,,,,,,,
29,end,val,,,,0.010039,0.074357,0.078762,0.062013,0.062840,0.602890,0.107926,0.112958,0.087952,0.089513,0.605362,0.734809,0.703096,0.787342,0.781349,-0.041022,0.737393,0.686730,0.795852,0.791043,-0.071121
30,50,train,0.001653,0.000853,0.173662,,,,,,,,,,,,,,,,,,,,,
30,100,train,0.001899,0.001042,0.274670,,,,,,,,,,,,,,,,,,,,,
30,150,train,0.001897,0.002801,0.268455,,,,,,,,,,,,,,,,,,,,,
30,200,train,0.001707,0.002543,0.196537,,,,,,,,,,,,,,,,,,,,,
30,250,train,0.001947,0.002804,0.237866,,,,,,,,,,,,,,,,,,,,,
30,300,train,0.002023,0.001415,0.130810,,,,,,,,,,,,,,,,,,,,,
30,350,train,0.001848,0.001542,0.231519,,,,,,,,,,,,,,,,,,,,,
30,400,train,0.001774,0.002250,0.288927,,,,,,,,,,,,,,,,,,,,,
30,450,train,0.001789,0.002319,0.189625,,,,,,,,,,,,,,,,,,,,,
30,500,train,0.001871,0.001583,0.234848,,,,,,,,,,,,,,,,,,,,,
30,550,train,0.001702,0.001855,0.117026,,,,,,,,,,,,,,,,,,,,,
30,600,train,0.002050,0.001267,0.205551,,,,,,,,,,,,,,,,,,,,,
30,end,val,,,,0.010108,0.074597,0.078528,0.061660,0.063174,0.599367,0.108671,0.112878,0.087362,0.090830,0.601718,0.736497,0.707974,0.790858,0.781468,-0.047616,0.739214,0.693040,0.798185,0.787941,-0.078674
31,50,train,0.002085,0.002339,0.160187,,,,,,,,,,,,,,,,,,,,,
31,100,train,0.001946,0.001712,0.260093,,,,,,,,,,,,,,,,,,,,,
31,150,train,0.001773,0.001667,0.242333,,,,,,,,,,,,,,,,,,,,,
31,200,train,0.001715,0.001106,0.206560,,,,,,,,,,,,,,,,,,,,,
31,250,train,0.001808,0.002746,0.181277,,,,,,,,,,,,,,,,,,,,,
31,300,train,0.001651,0.000449,0.190925,,,,,,,,,,,,,,,,,,,,,
31,350,train,0.001726,0.002766,0.255482,,,,,,,,,,,,,,,,,,,,,
31,400,train,0.001855,0.000589,0.196296,,,,,,,,,,,,,,,,,,,,,
31,450,train,0.001798,0.002728,0.237350,,,,,,,,,,,,,,,,,,,,,
31,500,train,0.001735,0.001871,0.164942,,,,,,,,,,,,,,,,,,,,,
31,550,train,0.001603,0.000937,0.222132,,,,,,,,,,,,,,,,,,,,,
31,600,train,0.001724,0.001254,0.239270,,,,,,,,,,,,,,,,,,,,,
31,end,val,,,,0.011050,0.077903,0.081113,0.063323,0.065559,0.614237,0.113359,0.115975,0.092805,0.096378,0.616866,0.727390,0.704883,0.771605,0.766042,0.005477,0.725514,0.683077,0.784359,0.776474,-0.030146
32,50,train,0.001441,0.003604,0.284104,,,,,,,,,,,,,,,,,,,,,
32,100,train,0.001565,0.000831,0.230564,,,,,,,,,,,,,,,,,,,,,
32,150,train,0.001726,0.001433,0.243126,,,,,,,,,,,,,,,,,,,,,
32,200,train,0.001589,0.004697,0.193099,,,,,,,,,,,,,,,,,,,,,
32,250,train,0.001702,0.001041,0.198755,,,,,,,,,,,,,,,,,,,,,
32,300,train,0.001661,0.001729,0.246917,,,,,,,,,,,,,,,,,,,,,
32,350,train,0.001715,0.001469,0.192031,,,,,,,,,,,,,,,,,,,,,
32,400,train,0.001699,0.001378,0.182222,,,,,,,,,,,,,,,,,,,,,
32,450,train,0.001894,0.002005,0.192697,,,,,,,,,,,,,,,,,,,,,
32,500,train,0.001818,0.000771,0.181024,,,,,,,,,,,,,,,,,,,,,
32,550,train,0.001765,0.001801,0.210301,,,,,,,,,,,,,,,,,,,,,
32,600,train,0.001541,0.001318,0.222760,,,,,,,,,,,,,,,,,,,,,
32,end,val,,,,0.010289,0.074566,0.079487,0.061600,0.063334,0.602890,0.108993,0.114777,0.088672,0.090776,0.605315,0.727768,0.697913,0.785140,0.775024,-0.025571,0.730251,0.678592,0.792801,0.781913,-0.060856
33,50,train,0.001467,0.000924,0.270457,,,,,,,,,,,,,,,,,,,,,
33,100,train,0.001547,0.003150,0.238467,,,,,,,,,,,,,,,,,,,,,
33,150,train,0.001613,0.001330,0.177016,,,,,,,,,,,,,,,,,,,,,
33,200,train,0.001937,0.001117,0.199881,,,,,,,,,,,,,,,,,,,,,
33,250,train,0.001873,0.001369,0.143935,,,,,,,,,,,,,,,,,,,,,
33,300,train,0.001607,0.000710,0.210195,,,,,,,,,,,,,,,,,,,,,
33,350,train,0.001700,0.001993,0.196507,,,,,,,,,,,,,,,,,,,,,
33,400,train,0.001726,0.002032,0.224838,,,,,,,,,,,,,,,,,,,,,
33,450,train,0.001452,0.001670,0.250346,,,,,,,,,,,,,,,,,,,,,
33,500,train,0.001653,0.001515,0.174748,,,,,,,,,,,,,,,,,,,,,
33,550,train,0.001720,0.001573,0.238305,,,,,,,,,,,,,,,,,,,,,
33,600,train,0.001642,0.001100,0.303550,,,,,,,,,,,,,,,,,,,,,
33,end,val,,,,0.011580,0.078561,0.082974,0.068703,0.067271,0.611296,0.114556,0.119370,0.097655,0.097014,0.613608,0.725930,0.694017,0.782508,0.777727,-0.031398,0.729278,0.679560,0.792882,0.787205,-0.065634
34,50,train,0.001660,0.000822,0.236667,,,,,,,,,,,,,,,,,,,,,
34,100,train,0.001751,0.001027,0.190384,,,,,,,,,,,,,,,,,,,,,
34,150,train,0.001539,0.001753,0.178328,,,,,,,,,,,,,,,,,,,,,
34,200,train,0.001609,0.001391,0.197508,,,,,,,,,,,,,,,,,,,,,
34,250,train,0.001726,0.002693,0.266698,,,,,,,,,,,,,,,,,,,,,
34,300,train,0.001736,0.001476,0.281635,,,,,,,,,,,,,,,,,,,,,
34,350,train,0.001716,0.001065,0.177430,,,,,,,,,,,,,,,,,,,,,
34,400,train,0.001626,0.000676,0.228155,,,,,,,,,,,,,,,,,,,,,
34,450,train,0.001688,0.001237,0.226395,,,,,,,,,,,,,,,,,,,,,
34,500,train,0.001550,0.001116,0.227747,,,,,,,,,,,,,,,,,,,,,
34,550,train,0.001762,0.001880,0.218235,,,,,,,,,,,,,,,,,,,,,
34,600,train,0.001508,0.000839,0.172706,,,,,,,,,,,,,,,,,,,,,
34,end,val,,,,0.010135,0.074408,0.077363,0.062803,0.065133,0.591637,0.107702,0.110476,0.089683,0.093233,0.593671,0.735533,0.708367,0.782574,0.772936,-0.037184,0.735553,0.687307,0.793419,0.785008,-0.067718
35,50,train,0.001749,0.001725,0.156514,,,,,,,,,,,,,,,,,,,,,
35,100,train,0.001513,0.003018,0.176049,,,,,,,,,,,,,,,,,,,,,
35,150,train,0.001363,0.001273,0.316350,,,,,,,,,,,,,,,,,,,,,
35,200,train,0.001724,0.001200,0.234682,,,,,,,,,,,,,,,,,,,,,
35,250,train,0.001488,0.001751,0.185328,,,,,,,,,,,,,,,,,,,,,
35,300,train,0.001431,0.001031,0.187217,,,,,,,,,,,,,,,,,,,,,
35,350,train,0.001365,0.000742,0.215680,,,,,,,,,,,,,,,,,,,,,
35,400,train,0.001496,0.002715,0.267226,,,,,,,,,,,,,,,,,,,,,
35,450,train,0.001679,0.000948,0.187237,,,,,,,,,,,,,,,,,,,,,
35,500,train,0.001573,0.001877,0.260871,,,,,,,,,,,,,,,,,,,,,
35,550,train,0.001420,0.001849,0.253238,,,,,,,,,,,,,,,,,,,,,
35,600,train,0.001627,0.000974,0.287918,,,,,,,,,,,,,,,,,,,,,
35,end,val,,,,0.010532,0.075126,0.078616,0.062874,0.064831,0.606335,0.109983,0.113457,0.090994,0.094230,0.608334,0.727554,0.697192,0.779701,0.772228,-0.025497,0.730202,0.676328,0.789865,0.780562,-0.060818
36,50,train,0.001508,0.001353,0.122866,,,,,,,,,,,,,,,,,,,,,
36,100,train,0.001560,0.002002,0.180388,,,,,,,,,,,,,,,,,,,,,
36,150,train,0.001790,0.002358,0.125311,,,,,,,,,,,,,,,,,,,,,
36,200,train,0.001539,0.001217,0.286695,,,,,,,,,,,,,,,,,,,,,
36,250,train,0.001297,0.001556,0.318846,,,,,,,,,,,,,,,,,,,,,
36,300,train,0.001564,0.000806,0.225122,,,,,,,,,,,,,,,,,,,,,
36,350,train,0.001505,0.001438,0.218298,,,,,,,,,,,,,,,,,,,,,
36,400,train,0.001441,0.001905,0.216889,,,,,,,,,,,,,,,,,,,,,
36,450,train,0.001709,0.002061,0.256406,,,,,,,,,,,,,,,,,,,,,
36,500,train,0.001537,0.000733,0.210678,,,,,,,,,,,,,,,,,,,,,
36,550,train,0.001538,0.000811,0.208667,,,,,,,,,,,,,,,,,,,,,
36,600,train,0.001663,0.001490,0.229927,,,,,,,,,,,,,,,,,,,,,
36,end,val,,,,0.010791,0.076160,0.080076,0.064461,0.066873,0.613569,0.110489,0.114790,0.091909,0.096611,0.615890,0.731792,0.699256,0.785661,0.777894,-0.043483,0.733198,0.675752,0.792213,0.784089,-0.077820
37,50,train,0.001676,0.001263,0.247495,,,,,,,,,,,,,,,,,,,,,
37,100,train,0.001543,0.001268,0.203474,,,,,,,,,,,,,,,,,,,,,
37,150,train,0.001670,0.000788,0.208275,,,,,,,,,,,,,,,,,,,,,
37,200,train,0.001356,0.001695,0.240396,,,,,,,,,,,,,,,,,,,,,
37,250,train,0.001324,0.001033,0.212937,,,,,,,,,,,,,,,,,,,,,
37,300,train,0.001490,0.001312,0.197794,,,,,,,,,,,,,,,,,,,,,
37,350,train,0.001537,0.001427,0.203557,,,,,,,,,,,,,,,,,,,,,
37,400,train,0.001410,0.000806,0.201128,,,,,,,,,,,,,,,,,,,,,
37,450,train,0.001593,0.001658,0.216600,,,,,,,,,,,,,,,,,,,,,
37,500,train,0.001503,0.002047,0.156734,,,,,,,,,,,,,,,,,,,,,
37,550,train,0.001750,0.001111,0.282925,,,,,,,,,,,,,,,,,,,,,
37,600,train,0.001478,0.001892,0.185971,,,,,,,,,,,,,,,,,,,,,
37,end,val,,,,0.010279,0.073851,0.078074,0.063265,0.064329,0.601463,0.107310,0.112800,0.091685,0.092031,0.603184,0.727861,0.701191,0.776968,0.768598,-0.019703,0.727715,0.677133,0.785256,0.777402,-0.052662
38,50,train,0.001590,0.001388,0.269074,,,,,,,,,,,,,,,,,,,,,
38,100,train,0.001601,0.000410,0.265219,,,,,,,,,,,,,,,,,,,,,
38,150,train,0.001669,0.000733,0.204430,,,,,,,,,,,,,,,,,,,,,
38,200,train,0.001578,0.001021,0.211651,,,,,,,,,,,,,,,,,,,,,
38,250,train,0.001682,0.000981,0.245005,,,,,,,,,,,,,,,,,,,,,
38,300,train,0.001340,0.001845,0.214859,,,,,,,,,,,,,,,,,,,,,
38,350,train,0.001599,0.002388,0.251180,,,,,,,,,,,,,,,,,,,,,
38,400,train,0.001462,0.001393,0.175226,,,,,,,,,,,,,,,,,,,,,
38,450,train,0.001338,0.000924,0.256427,,,,,,,,,,,,,,,,,,,,,
38,500,train,0.001341,0.000991,0.252530,,,,,,,,,,,,,,,,,,,,,
38,550,train,0.001500,0.001567,0.220923,,,,,,,,,,,,,,,,,,,,,
38,600,train,0.001460,0.002427,0.244592,,,,,,,,,,,,,,,,,,,,,
38,end,val,,,,0.010567,0.075238,0.080662,0.062876,0.064542,0.611017,0.109178,0.115578,0.090904,0.093410,0.613152,0.735751,0.704549,0.780860,0.774077,-0.027743,0.736034,0.685090,0.789655,0.782122,-0.062402
39,50,train,0.001386,0.001473,0.218576,,,,,,,,,,,,,,,,,,,,,
39,100,train,0.001434,0.001075,0.240361,,,,,,,,,,,,,,,,,,,,,
39,150,train,0.001284,0.001728,0.261432,,,,,,,,,,,,,,,,,,,,,
39,200,train,0.001300,0.001213,0.233707,,,,,,,,,,,,,,,,,,,,,
39,250,train,0.001426,0.000753,0.289856,,,,,,,,,,,,,,,,,,,,,
39,300,train,0.001462,0.001674,0.261292,,,,,,,,,,,,,,,,,,,,,
39,350,train,0.001686,0.001603,0.250953,,,,,,,,,,,,,,,,,,,,,
39,400,train,0.001334,0.002314,0.239060,,,,,,,,,,,,,,,,,,,,,
39,450,train,0.001328,0.000656,0.162754,,,,,,,,,,,,,,,,,,,,,
39,500,train,0.001411,0.000763,0.295750,,,,,,,,,,,,,,,,,,,,,
39,550,train,0.001795,0.001326,0.202691,,,,,,,,,,,,,,,,,,,,,
39,600,train,0.001615,0.002236,0.234024,,,,,,,,,,,,,,,,,,,,,
39,end,val,,,,0.010741,0.075828,0.080009,0.062594,0.065603,0.605414,0.111227,0.114893,0.091075,0.095374,0.607437,0.725611,0.699465,0.777067,0.763339,-0.005741,0.726413,0.674451,0.790467,0.774966,-0.039520
40,50,train,0.001524,0.001539,0.217898,,,,,,,,,,,,,,,,,,,,,
40,100,train,0.001372,0.001701,0.238743,,,,,,,,,,,,,,,,,,,,,
40,150,train,0.001303,0.002557,0.206495,,,,,,,,,,,,,,,,,,,,,
40,200,train,0.001220,0.001063,0.141619,,,,,,,,,,,,,,,,,,,,,
40,250,train,0.001360,0.001015,0.273511,,,,,,,,,,,,,,,,,,,,,
40,300,train,0.001317,0.001322,0.330872,,,,,,,,,,,,,,,,,,,,,
40,350,train,0.001572,0.001577,0.156011,,,,,,,,,,,,,,,,,,,,,
40,400,train,0.001466,0.000923,0.175267,,,,,,,,,,,,,,,,,,,,,
40,450,train,0.001398,0.001918,0.233353,,,,,,,,,,,,,,,,,,,,,
40,500,train,0.001260,0.001492,0.184057,,,,,,,,,,,,,,,,,,,,,
40,550,train,0.001440,0.001768,0.257262,,,,,,,,,,,,,,,,,,,,,
40,600,train,0.001346,0.001421,0.263521,,,,,,,,,,,,,,,,,,,,,
40,end,val,,,,0.010291,0.073963,0.078536,0.063506,0.064842,0.584879,0.108262,0.112869,0.090348,0.092428,0.586551,0.729524,0.699267,0.775025,0.765712,-0.012914,0.728248,0.671295,0.782646,0.768160,-0.042819
41,50,train,0.001258,0.001350,0.279898,,,,,,,,,,,,,,,,,,,,,
41,100,train,0.001515,0.000588,0.206289,,,,,,,,,,,,,,,,,,,,,
41,150,train,0.001342,0.000706,0.290824,,,,,,,,,,,,,,,,,,,,,
41,200,train,0.001223,0.001507,0.247085,,,,,,,,,,,,,,,,,,,,,
41,250,train,0.001547,0.000793,0.208409,,,,,,,,,,,,,,,,,,,,,
41,300,train,0.001268,0.003844,0.242673,,,,,,,,,,,,,,,,,,,,,
41,350,train,0.001232,0.000796,0.232769,,,,,,,,,,,,,,,,,,,,,
41,400,train,0.001429,0.000883,0.203239,,,,,,,,,,,,,,,,,,,,,
41,450,train,0.001404,0.001979,0.212102,,,,,,,,,,,,,,,,,,,,,
41,500,train,0.001395,0.001965,0.222233,,,,,,,,,,,,,,,,,,,,,
41,550,train,0.001311,0.001305,0.260098,,,,,,,,,,,,,,,,,,,,,
41,600,train,0.001395,0.001402,0.190812,,,,,,,,,,,,,,,,,,,,,
41,end,val,,,,0.010651,0.076443,0.080448,0.063199,0.065621,0.604914,0.111241,0.115238,0.090509,0.093585,0.606942,0.729571,0.700061,0.783299,0.771198,-0.030592,0.733902,0.679734,0.787929,0.773073,-0.065026
42,50,train,0.001270,0.001144,0.230855,,,,,,,,,,,,,,,,,,,,,
42,100,train,0.001381,0.001537,0.157386,,,,,,,,,,,,,,,,,,,,,
42,150,train,0.001575,0.000926,0.237200,,,,,,,,,,,,,,,,,,,,,
42,200,train,0.001451,0.001601,0.195229,,,,,,,,,,,,,,,,,,,,,
42,250,train,0.001277,0.001580,0.226435,,,,,,,,,,,,,,,,,,,,,
42,300,train,0.001233,0.000652,0.192598,,,,,,,,,,,,,,,,,,,,,
42,350,train,0.001451,0.002767,0.195907,,,,,,,,,,,,,,,,,,,,,
42,400,train,0.001300,0.002986,0.269976,,,,,,,,,,,,,,,,,,,,,
42,450,train,0.001303,0.001139,0.175351,,,,,,,,,,,,,,,,,,,,,
42,500,train,0.001238,0.000795,0.224823,,,,,,,,,,,,,,,,,,,,,
42,550,train,0.001226,0.001186,0.289915,,,,,,,,,,,,,,,,,,,,,
42,600,train,0.001348,0.001179,0.325318,,,,,,,,,,,,,,,,,,,,,
42,end,val,,,,0.011588,0.081175,0.083824,0.064927,0.067736,0.608523,0.117299,0.120139,0.093075,0.097457,0.610637,0.725815,0.693426,0.780409,0.769706,-0.017197,0.731124,0.670391,0.788007,0.776035,-0.049919
43,50,train,0.001268,0.003782,0.169724,,,,,,,,,,,,,,,,,,,,,
43,100,train,0.001265,0.001481,0.223043,,,,,,,,,,,,,,,,,,,,,
43,150,train,0.001311,0.001804,0.173794,,,,,,,,,,,,,,,,,,,,,
43,200,train,0.001128,0.001078,0.162042,,,,,,,,,,,,,,,,,,,,,
43,250,train,0.001342,0.001600,0.200547,,,,,,,,,,,,,,,,,,,,,
43,300,train,0.001286,0.000773,0.182880,,,,,,,,,,,,,,,,,,,,,
43,350,train,0.001146,0.001428,0.136247,,,,,,,,,,,,,,,,,,,,,
43,400,train,0.001293,0.003846,0.182345,,,,,,,,,,,,,,,,,,,,,
43,450,train,0.001349,0.001100,0.306368,,,,,,,,,,,,,,,,,,,,,
43,500,train,0.001249,0.001222,0.172436,,,,,,,,,,,,,,,,,,,,,
43,550,train,0.001622,0.001559,0.345482,,,,,,,,,,,,,,,,,,,,,
43,600,train,0.001336,0.001403,0.188212,,,,,,,,,,,,,,,,,,,,,
43,end,val,,,,0.010532,0.076812,0.081185,0.063595,0.064501,0.599571,0.110746,0.114684,0.090426,0.092386,0.602185,0.734323,0.702373,0.781572,0.773919,-0.029216,0.737443,0.674384,0.791702,0.783892,-0.060781
44,50,train,0.001354,0.001717,0.228241,,,,,,,,,,,,,,,,,,,,,
44,100,train,0.001232,0.000841,0.255157,,,,,,,,,,,,,,,,,,,,,
44,150,train,0.001275,0.001309,0.136378,,,,,,,,,,,,,,,,,,,,,
44,200,train,0.001137,0.001107,0.141204,,,,,,,,,,,,,,,,,,,,,
44,250,train,0.001131,0.001142,0.159299,,,,,,,,,,,,,,,,,,,,,
44,300,train,0.001218,0.001479,0.265771,,,,,,,,,,,,,,,,,,,,,
44,350,train,0.001257,0.000765,0.172864,,,,,,,,,,,,,,,,,,,,,
44,400,train,0.001243,0.001096,0.191189,,,,,,,,,,,,,,,,,,,,,
44,450,train,0.001304,0.001694,0.186611,,,,,,,,,,,,,,,,,,,,,
44,500,train,0.001092,0.002885,0.231228,,,,,,,,,,,,,,,,,,,,,
44,550,train,0.001193,0.001135,0.168302,,,,,,,,,,,,,,,,,,,,,
44,600,train,0.001465,0.002323,0.191750,,,,,,,,,,,,,,,,,,,,,
44,end,val,,,,0.010010,0.073521,0.078179,0.061832,0.063783,0.596673,0.106299,0.111778,0.088368,0.091856,0.598610,0.736904,0.705241,0.786042,0.774562,-0.027580,0.733497,0.669534,0.790302,0.780267,-0.061709
45,50,train,0.001076,0.000941,0.287376,,,,,,,,,,,,,,,,,,,,,
45,100,train,0.001366,0.001700,0.244774,,,,,,,,,,,,,,,,,,,,,
45,150,train,0.001151,0.000601,0.228429,,,,,,,,,,,,,,,,,,,,,
45,200,train,0.001275,0.000740,0.201094,,,,,,,,,,,,,,,,,,,,,
45,250,train,0.001120,0.001735,0.139858,,,,,,,,,,,,,,,,,,,,,
45,300,train,0.001217,0.001797,0.199454,,,,,,,,,,,,,,,,,,,,,
45,350,train,0.001086,0.001017,0.181364,,,,,,,,,,,,,,,,,,,,,
45,400,train,0.001170,0.000585,0.214902,,,,,,,,,,,,,,,,,,,,,
45,450,train,0.001173,0.001209,0.158875,,,,,,,,,,,,,,,,,,,,,
45,500,train,0.001361,0.000735,0.192921,,,,,,,,,,,,,,,,,,,,,
45,550,train,0.001320,0.001848,0.171455,,,,,,,,,,,,,,,,,,,,,
45,600,train,0.001357,0.001492,0.144804,,,,,,,,,,,,,,,,,,,,,
45,end,val,,,,0.010525,0.075666,0.080152,0.063696,0.065080,0.601718,0.109901,0.115073,0.089965,0.093197,0.603877,0.733477,0.700386,0.786207,0.774022,-0.041531,0.735338,0.675526,0.788636,0.780833,-0.072471
46,50,train,0.001050,0.001061,0.239109,,,,,,,,,,,,,,,,,,,,,
46,100,train,0.001208,0.001585,0.137928,,,,,,,,,,,,,,,,,,,,,
46,150,train,0.001252,0.001074,0.193483,,,,,,,,,,,,,,,,,,,,,
46,200,train,0.001332,0.001433,0.131025,,,,,,,,,,,,,,,,,,,,,
46,250,train,0.001132,0.001319,0.193763,,,,,,,,,,,,,,,,,,,,,
46,300,train,0.001146,0.001004,0.190875,,,,,,,,,,,,,,,,,,,,,
46,350,train,0.001150,0.001247,0.230587,,,,,,,,,,,,,,,,,,,,,
46,400,train,0.001247,0.000817,0.174899,,,,,,,,,,,,,,,,,,,,,
46,450,train,0.001286,0.001990,0.142029,,,,,,,,,,,,,,,,,,,,,
46,500,train,0.001210,0.002009,0.205432,,,,,,,,,,,,,,,,,,,,,
46,550,train,0.001188,0.000210,0.203803,,,,,,,,,,,,,,,,,,,,,
46,600,train,0.001278,0.001580,0.345013,,,,,,,,,,,,,,,,,,,,,
46,end,val,,,,0.010134,0.074269,0.078654,0.063076,0.065243,0.593827,0.106845,0.111833,0.089801,0.092468,0.596025,0.733689,0.701094,0.779600,0.768526,-0.029581,0.730133,0.665467,0.784198,0.773282,-0.061506
47,50,train,0.001140,0.001946,0.262511,,,,,,,,,,,,,,,,,,,,,
47,100,train,0.001603,0.001717,0.203279,,,,,,,,,,,,,,,,,,,,,
47,150,train,0.001304,0.000913,0.221704,,,,,,,,,,,,,,,,,,,,,
47,200,train,0.001217,0.000327,0.274924,,,,,,,,,,,,,,,,,,,,,
47,250,train,0.001239,0.001243,0.231765,,,,,,,,,,,,,,,,,,,,,
47,300,train,0.001032,0.000786,0.192561,,,,,,,,,,,,,,,,,,,,,
47,350,train,0.001175,0.002006,0.163003,,,,,,,,,,,,,,,,,,,,,
47,400,train,0.001106,0.000577,0.197571,,,,,,,,,,,,,,,,,,,,,
47,450,train,0.001121,0.001254,0.222210,,,,,,,,,,,,,,,,,,,,,
47,500,train,0.001254,0.000786,0.162228,,,,,,,,,,,,,,,,,,,,,
47,550,train,0.001172,0.001189,0.213172,,,,,,,,,,,,,,,,,,,,,
47,600,train,0.001153,0.001122,0.287352,,,,,,,,,,,,,,,,,,,,,
47,end,val,,,,0.010466,0.074419,0.079397,0.063087,0.065164,0.592476,0.109237,0.115245,0.089957,0.092503,0.594106,0.725092,0.685241,0.778459,0.765509,-0.007051,0.724849,0.642978,0.786642,0.769697,-0.039932
48,50,train,0.001139,0.000481,0.233050,,,,,,,,,,,,,,,,,,,,,
48,100,train,0.001357,0.000986,0.195924,,,,,,,,,,,,,,,,,,,,,
48,150,train,0.001067,0.000729,0.198602,,,,,,,,,,,,,,,,,,,,,
48,200,train,0.001031,0.001073,0.182990,,,,,,,,,,,,,,,,,,,,,
48,250,train,0.001184,0.001153,0.138107,,,,,,,,,,,,,,,,,,,,,
48,300,train,0.001116,0.001329,0.234688,,,,,,,,,,,,,,,,,,,,,
48,350,train,0.001179,0.000542,0.255305,,,,,,,,,,,,,,,,,,,,,
48,400,train,0.001193,0.001208,0.263988,,,,,,,,,,,,,,,,,,,,,
48,450,train,0.001181,0.001110,0.199582,,,,,,,,,,,,,,,,,,,,,
48,500,train,0.001217,0.000402,0.241438,,,,,,,,,,,,,,,,,,,,,
48,550,train,0.001125,0.000787,0.249277,,,,,,,,,,,,,,,,,,,,,
48,600,train,0.001110,0.001070,0.166499,,,,,,,,,,,,,,,,,,,,,
48,end,val,,,,0.010284,0.075472,0.079945,0.063844,0.066434,0.605501,0.106729,0.112344,0.091303,0.093751,0.607550,0.736706,0.705282,0.775356,0.759824,-0.021665,0.731230,0.664220,0.782543,0.771920,-0.048599
49,50,train,0.001241,0.001716,0.216314,,,,,,,,,,,,,,,,,,,,,
49,100,train,0.001225,0.000567,0.171725,,,,,,,,,,,,,,,,,,,,,
49,150,train,0.001050,0.000517,0.142732,,,,,,,,,,,,,,,,,,,,,
49,200,train,0.000994,0.000799,0.223457,,,,,,,,,,,,,,,,,,,,,
49,250,train,0.001017,0.000773,0.226258,,,,,,,,,,,,,,,,,,,,,
49,300,train,0.001121,0.002230,0.164419,,,,,,,,,,,,,,,,,,,,,
49,350,train,0.001274,0.002364,0.188500,,,,,,,,,,,,,,,,,,,,,
49,400,train,0.001105,0.000693,0.246170,,,,,,,,,,,,,,,,,,,,,
49,450,train,0.001067,0.000549,0.307734,,,,,,,,,,,,,,,,,,,,,
49,500,train,0.001091,0.001168,0.208139,,,,,,,,,,,,,,,,,,,,,
49,550,train,0.001011,0.001385,0.216371,,,,,,,,,,,,,,,,,,,,,
49,600,train,0.001033,0.002218,0.263068,,,,,,,,,,,,,,,,,,,,,
49,end,val,,,,0.011553,0.079533,0.085896,0.063651,0.066926,0.609353,0.116118,0.122336,0.091912,0.096517,0.611364,0.726135,0.694943,0.779473,0.767607,-0.008738,0.725560,0.660962,0.785654,0.773190,-0.038838
50,50,train,0.001110,0.000774,0.138640,,,,,,,,,,,,,,,,,,,,,
50,100,train,0.000981,0.000873,0.245009,,,,,,,,,,,,,,,,,,,,,
50,150,train,0.001018,0.000553,0.399434,,,,,,,,,,,,,,,,,,,,,
50,200,train,0.001161,0.000838,0.212019,,,,,,,,,,,,,,,,,,,,,
50,250,train,0.001086,0.001024,0.300661,,,,,,,,,,,,,,,,,,,,,
50,300,train,0.001106,0.000816,0.197580,,,,,,,,,,,,,,,,,,,,,
50,350,train,0.001080,0.001139,0.229666,,,,,,,,,,,,,,,,,,,,,
50,400,train,0.001047,0.001282,0.180020,,,,,,,,,,,,,,,,,,,,,
50,450,train,0.001140,0.001538,0.223002,,,,,,,,,,,,,,,,,,,,,
50,500,train,0.001120,0.001591,0.223723,,,,,,,,,,,,,,,,,,,,,
50,550,train,0.001102,0.001643,0.243278,,,,,,,,,,,,,,,,,,,,,
50,600,train,0.001060,0.001198,0.174410,,,,,,,,,,,,,,,,,,,,,
50,end,val,,,,0.011000,0.077596,0.084481,0.065358,0.065881,0.615263,0.112113,0.118812,0.092990,0.093094,0.617772,0.732593,0.704289,0.782562,0.760809,-0.016664,0.731831,0.672894,0.789438,0.768099,-0.049414
51,50,train,0.001086,0.001391,0.235252,,,,,,,,,,,,,,,,,,,,,
51,100,train,0.000995,0.000901,0.309348,,,,,,,,,,,,,,,,,,,,,
51,150,train,0.000967,0.000465,0.202674,,,,,,,,,,,,,,,,,,,,,
51,200,train,0.001144,0.001664,0.155601,,,,,,,,,,,,,,,,,,,,,
51,250,train,0.001209,0.000619,0.166955,,,,,,,,,,,,,,,,,,,,,
51,300,train,0.001117,0.001040,0.258633,,,,,,,,,,,,,,,,,,,,,
51,350,train,0.001129,0.002293,0.236038,,,,,,,,,,,,,,,,,,,,,
51,400,train,0.000965,0.000425,0.303003,,,,,,,,,,,,,,,,,,,,,
51,450,train,0.000998,0.001732,0.203336,,,,,,,,,,,,,,,,,,,,,
51,500,train,0.001195,0.000931,0.259088,,,,,,,,,,,,,,,,,,,,,
51,550,train,0.001170,0.001016,0.096305,,,,,,,,,,,,,,,,,,,,,
51,600,train,0.001150,0.000454,0.198692,,,,,,,,,,,,,,,,,,,,,
51,end,val,,,,0.010299,0.074090,0.078891,0.064364,0.066041,0.605682,0.107028,0.111791,0.091595,0.094099,0.607849,0.732828,0.703578,0.780249,0.759229,-0.024198,0.730345,0.672565,0.785409,0.763687,-0.053667
52,50,train,0.000994,0.000688,0.208891,,,,,,,,,,,,,,,,,,,,,
52,100,train,0.001068,0.000532,0.195017,,,,,,,,,,,,,,,,,,,,,
52,150,train,0.000983,0.001463,0.279011,,,,,,,,,,,,,,,,,,,,,
52,200,train,0.000954,0.001095,0.169847,,,,,,,,,,,,,,,,,,,,,
52,250,train,0.001006,0.001161,0.221870,,,,,,,,,,,,,,,,,,,,,
52,300,train,0.000993,0.000567,0.203687,,,,,,,,,,,,,,,,,,,,,
52,350,train,0.001228,0.000960,0.195634,,,,,,,,,,,,,,,,,,,,,
52,400,train,0.001216,0.002438,0.212054,,,,,,,,,,,,,,,,,,,,,
52,450,train,0.001109,0.001247,0.198348,,,,,,,,,,,,,,,,,,,,,
52,500,train,0.001110,0.002192,0.157600,,,,,,,,,,,,,,,,,,,,,
52,550,train,0.000962,0.001042,0.169519,,,,,,,,,,,,,,,,,,,,,
52,600,train,0.001149,0.000670,0.307259,,,,,,,,,,,,,,,,,,,,,
52,end,val,,,,0.011282,0.077885,0.081930,0.064613,0.067270,0.606884,0.114142,0.117633,0.093406,0.097662,0.609254,0.721946,0.691990,0.774572,0.762591,0.004450,0.723869,0.659878,0.785362,0.772226,-0.032011
53,50,train,0.001528,0.001497,0.191324,,,,,,,,,,,,,,,,,,,,,
53,100,train,0.001002,0.000761,0.259559,,,,,,,,,,,,,,,,,,,,,
53,150,train,0.001130,0.000905,0.228168,,,,,,,,,,,,,,,,,,,,,
53,200,train,0.000984,0.001612,0.277590,,,,,,,,,,,,,,,,,,,,,
53,250,train,0.000934,0.001034,0.134095,,,,,,,,,,,,,,,,,,,,,
53,300,train,0.001139,0.000551,0.150278,,,,,,,,,,,,,,,,,,,,,
53,350,train,0.001059,0.000621,0.254144,,,,,,,,,,,,,,,,,,,,,
53,400,train,0.000913,0.000477,0.199499,,,,,,,,,,,,,,,,,,,,,
53,450,train,0.000954,0.000536,0.203935,,,,,,,,,,,,,,,,,,,,,
53,500,train,0.001062,0.001530,0.180688,,,,,,,,,,,,,,,,,,,,,
53,550,train,0.001007,0.000966,0.150555,,,,,,,,,,,,,,,,,,,,,
53,600,train,0.000994,0.000429,0.134837,,,,,,,,,,,,,,,,,,,,,
53,end,val,,,,0.010589,0.075583,0.079359,0.063605,0.066033,0.599427,0.110260,0.114151,0.090775,0.094485,0.601412,0.728131,0.700227,0.780131,0.763441,-0.023567,0.727259,0.667597,0.785517,0.766023,-0.053694
54,50,train,0.000973,0.000979,0.149536,,,,,,,,,,,,,,,,,,,,,
54,100,train,0.000905,0.001708,0.163288,,,,,,,,,,,,,,,,,,,,,
54,150,train,0.000950,0.000971,0.323463,,,,,,,,,,,,,,,,,,,,,
54,200,train,0.000957,0.000788,0.242060,,,,,,,,,,,,,,,,,,,,,
54,250,train,0.000960,0.001137,0.222505,,,,,,,,,,,,,,,,,,,,,
54,300,train,0.001036,0.001069,0.194690,,,,,,,,,,,,,,,,,,,,,
54,350,train,0.000996,0.000553,0.257379,,,,,,,,,,,,,,,,,,,,,
54,400,train,0.000853,0.000396,0.263408,,,,,,,,,,,,,,,,,,,,,
54,450,train,0.001027,0.000669,0.170545,,,,,,,,,,,,,,,,,,,,,
54,500,train,0.001129,0.001065,0.235700,,,,,,,,,,,,,,,,,,,,,
54,550,train,0.001308,0.001204,0.230374,,,,,,,,,,,,,,,,,,,,,
54,600,train,0.001048,0.000515,0.210554,,,,,,,,,,,,,,,,,,,,,
54,end,val,,,,0.010599,0.075691,0.078406,0.063558,0.065857,0.603954,0.110663,0.113039,0.091374,0.094989,0.605912,0.728016,0.695988,0.779591,0.767466,-0.011908,0.726445,0.664714,0.787521,0.772509,-0.041594
55,50,train,0.000844,0.000878,0.173891,,,,,,,,,,,,,,,,,,,,,
55,100,train,0.001005,0.000936,0.193155,,,,,,,,,,,,,,,,,,,,,
55,150,train,0.001031,0.001358,0.199396,,,,,,,,,,,,,,,,,,,,,
55,200,train,0.000952,0.001330,0.166973,,,,,,,,,,,,,,,,,,,,,
55,250,train,0.001087,0.001470,0.169334,,,,,,,,,,,,,,,,,,,,,
55,300,train,0.000999,0.000701,0.177000,,,,,,,,,,,,,,,,,,,,,
55,350,train,0.000975,0.001492,0.184031,,,,,,,,,,,,,,,,,,,,,
55,400,train,0.001026,0.000878,0.201411,,,,,,,,,,,,,,,,,,,,,
55,450,train,0.000930,0.001261,0.116478,,,,,,,,,,,,,,,,,,,,,
55,500,train,0.001082,0.001479,0.178597,,,,,,,,,,,,,,,,,,,,,
55,550,train,0.000977,0.001242,0.180259,,,,,,,,,,,,,,,,,,,,,
55,600,train,0.001096,0.001103,0.132973,,,,,,,,,,,,,,,,,,,,,
55,end,val,,,,0.010934,0.077111,0.079733,0.064677,0.069099,0.604849,0.111795,0.114200,0.092022,0.098641,0.606786,0.732855,0.701554,0.779853,0.768544,-0.013425,0.730294,0.671046,0.783879,0.768238,-0.045642
56,50,train,0.001404,0.001658,0.222884,,,,,,,,,,,,,,,,,,,,,
56,100,train,0.001035,0.000897,0.200996,,,,,,,,,,,,,,,,,,,,,
56,150,train,0.001036,0.000935,0.164399,,,,,,,,,,,,,,,,,,,,,
56,200,train,0.000995,0.000853,0.178679,,,,,,,,,,,,,,,,,,,,,
56,250,train,0.001052,0.000914,0.239452,,,,,,,,,,,,,,,,,,,,,
56,300,train,0.000840,0.001164,0.243260,,,,,,,,,,,,,,,,,,,,,
56,350,train,0.000939,0.001375,0.261908,,,,,,,,,,,,,,,,,,,,,
56,400,train,0.000881,0.000630,0.216645,,,,,,,,,,,,,,,,,,,,,
56,450,train,0.001030,0.000428,0.167701,,,,,,,,,,,,,,,,,,,,,
56,500,train,0.001070,0.001324,0.160106,,,,,,,,,,,,,,,,,,,,,
56,550,train,0.000891,0.000610,0.209045,,,,,,,,,,,,,,,,,,,,,
56,600,train,0.000991,0.001278,0.199199,,,,,,,,,,,,,,,,,,,,,
56,end,val,,,,0.010619,0.075778,0.081103,0.063543,0.065654,0.594332,0.110139,0.115714,0.090504,0.093618,0.596116,0.731467,0.700150,0.773029,0.766515,-0.009823,0.727545,0.664772,0.777284,0.770654,-0.038427
57,50,train,0.000927,0.001094,0.204524,,,,,,,,,,,,,,,,,,,,,
57,100,train,0.001087,0.000914,0.183386,,,,,,,,,,,,,,,,,,,,,
57,150,train,0.000926,0.000978,0.168359,,,,,,,,,,,,,,,,,,,,,
57,200,train,0.000908,0.002091,0.150166,,,,,,,,,,,,,,,,,,,,,
57,250,train,0.000912,0.000490,0.306609,,,,,,,,,,,,,,,,,,,,,
57,300,train,0.000913,0.000721,0.155553,,,,,,,,,,,,,,,,,,,,,
57,350,train,0.000823,0.000778,0.162608,,,,,,,,,,,,,,,,,,,,,
57,400,train,0.000849,0.000509,0.238256,,,,,,,,,,,,,,,,,,,,,
57,450,train,0.000920,0.000672,0.233649,,,,,,,,,,,,,,,,,,,,,
57,500,train,0.000952,0.000850,0.233797,,,,,,,,,,,,,,,,,,,,,
57,550,train,0.001023,0.001284,0.249331,,,,,,,,,,,,,,,,,,,,,
57,600,train,0.001044,0.001374,0.185051,,,,,,,,,,,,,,,,,,,,,
57,end,val,,,,0.010878,0.077465,0.080929,0.064461,0.066088,0.603814,0.112414,0.116253,0.092206,0.094126,0.605557,0.728432,0.693736,0.770526,0.768209,-0.002869,0.724685,0.656919,0.774686,0.769062,-0.033957
58,50,train,0.001013,0.002358,0.200967,,,,,,,,,,,,,,,,,,,,,
58,100,train,0.000779,0.000949,0.217493,,,,,,,,,,,,,,,,,,,,,
58,150,train,0.000990,0.000928,0.148459,,,,,,,,,,,,,,,,,,,,,
58,200,train,0.000985,0.001676,0.161588,,,,,,,,,,,,,,,,,,,,,
58,250,train,0.000901,0.000831,0.175746,,,,,,,,,,,,,,,,,,,,,
58,300,train,0.001117,0.000735,0.228848,,,,,,,,,,,,,,,,,,,,,
58,350,train,0.000980,0.002039,0.152364,,,,,,,,,,,,,,,,,,,,,
58,400,train,0.000999,0.001434,0.217330,,,,,,,,,,,,,,,,,,,,,
58,450,train,0.000835,0.001506,0.171140,,,,,,,,,,,,,,,,,,,,,
58,500,train,0.000973,0.000817,0.225605,,,,,,,,,,,,,,,,,,,,,
58,550,train,0.001021,0.000940,0.160260,,,,,,,,,,,,,,,,,,,,,
58,600,train,0.000982,0.000559,0.242451,,,,,,,,,,,,,,,,,,,,,
58,end,val,,,,0.010496,0.076358,0.078315,0.065171,0.065927,0.600590,0.110183,0.111929,0.092363,0.093716,0.602746,0.735178,0.699953,0.780647,0.774608,-0.018664,0.731042,0.667160,0.782850,0.776857,-0.050365
59,50,train,0.000833,0.000943,0.181382,,,,,,,,,,,,,,,,,,,,,
59,100,train,0.000845,0.000624,0.188075,,,,,,,,,,,,,,,,,,,,,
59,150,train,0.000964,0.000851,0.162956,,,,,,,,,,,,,,,,,,,,,
59,200,train,0.001102,0.000507,0.332019,,,,,,,,,,,,,,,,,,,,,
59,250,train,0.000990,0.000987,0.161233,,,,,,,,,,,,,,,,,,,,,
59,300,train,0.000964,0.001559,0.250817,,,,,,,,,,,,,,,,,,,,,
59,350,train,0.000786,0.001229,0.228904,,,,,,,,,,,,,,,,,,,,,
59,400,train,0.000954,0.000744,0.254075,,,,,,,,,,,,,,,,,,,,,
59,450,train,0.000894,0.000675,0.190319,,,,,,,,,,,,,,,,,,,,,
59,500,train,0.000877,0.000553,0.168008,,,,,,,,,,,,,,,,,,,,,
59,550,train,0.000994,0.001492,0.154724,,,,,,,,,,,,,,,,,,,,,
59,600,train,0.000913,0.000816,0.301568,,,,,,,,,,,,,,,,,,,,,
59,end,val,,,,0.010375,0.075692,0.079696,0.065104,0.064925,0.609940,0.108744,0.112465,0.092222,0.092308,0.612225,0.735369,0.701003,0.782404,0.771100,-0.025044,0.732630,0.667944,0.787572,0.774000,-0.052676
60,50,train,0.001116,0.000647,0.226993,,,,,,,,,,,,,,,,,,,,,
60,100,train,0.000956,0.000559,0.289184,,,,,,,,,,,,,,,,,,,,,
60,150,train,0.000914,0.000547,0.201323,,,,,,,,,,,,,,,,,,,,,
60,200,train,0.000994,0.000734,0.165634,,,,,,,,,,,,,,,,,,,,,
60,250,train,0.000972,0.000619,0.236585,,,,,,,,,,,,,,,,,,,,,
60,300,train,0.000799,0.000817,0.242660,,,,,,,,,,,,,,,,,,,,,
60,350,train,0.000763,0.000768,0.237299,,,,,,,,,,,,,,,,,,,,,
60,400,train,0.001024,0.000969,0.220712,,,,,,,,,,,,,,,,,,,,,
60,450,train,0.001000,0.001007,0.193890,,,,,,,,,,,,,,,,,,,,,
60,500,train,0.000900,0.000842,0.245322,,,,,,,,,,,,,,,,,,,,,
60,550,train,0.000854,0.000959,0.238650,,,,,,,,,,,,,,,,,,,,,
60,600,train,0.000932,0.000786,0.296745,,,,,,,,,,,,,,,,,,,,,
60,end,val,,,,0.010606,0.075461,0.081778,0.062469,0.064760,0.598825,0.110711,0.117987,0.088555,0.091676,0.600818,0.734816,0.697448,0.783576,0.769153,-0.016525,0.736825,0.665685,0.790995,0.777452,-0.050404
61,50,train,0.000943,0.001006,0.256724,,,,,,,,,,,,,,,,,,,,,
61,100,train,0.000820,0.001074,0.246775,,,,,,,,,,,,,,,,,,,,,
61,150,train,0.000790,0.000799,0.234310,,,,,,,,,,,,,,,,,,,,,
61,200,train,0.000898,0.000803,0.169019,,,,,,,,,,,,,,,,,,,,,
61,250,train,0.000883,0.000525,0.253683,,,,,,,,,,,,,,,,,,,,,
61,300,train,0.000977,0.000797,0.191996,,,,,,,,,,,,,,,,,,,,,
61,350,train,0.000950,0.001328,0.199911,,,,,,,,,,,,,,,,,,,,,
61,400,train,0.000866,0.000794,0.255536,,,,,,,,,,,,,,,,,,,,,
61,450,train,0.000982,0.001081,0.218473,,,,,,,,,,,,,,,,,,,,,
61,500,train,0.000808,0.000624,0.226977,,,,,,,,,,,,,,,,,,,,,
61,550,train,0.000884,0.000468,0.288586,,,,,,,,,,,,,,,,,,,,,
61,600,train,0.000823,0.000774,0.321649,,,,,,,,,,,,,,,,,,,,,
61,end,val,,,,0.010666,0.075992,0.079664,0.064246,0.066982,0.595216,0.110086,0.114130,0.091531,0.095610,0.597046,0.730194,0.694522,0.771967,0.762478,-0.016312,0.730428,0.666380,0.777411,0.761997,-0.048904
62,50,train,0.000803,0.000649,0.232418,,,,,,,,,,,,,,,,,,,,,
62,100,train,0.000733,0.000378,0.154106,,,,,,,,,,,,,,,,,,,,,
62,150,train,0.000813,0.000983,0.267579,,,,,,,,,,,,,,,,,,,,,
62,200,train,0.000904,0.000379,0.270553,,,,,,,,,,,,,,,,,,,,,
62,250,train,0.000799,0.000636,0.239482,,,,,,,,,,,,,,,,,,,,,
62,300,train,0.000861,0.000412,0.222498,,,,,,,,,,,,,,,,,,,,,
62,350,train,0.000846,0.000743,0.226979,,,,,,,,,,,,,,,,,,,,,
62,400,train,0.000919,0.001336,0.235014,,,,,,,,,,,,,,,,,,,,,
62,450,train,0.001044,0.000958,0.182409,,,,,,,,,,,,,,,,,,,,,
62,500,train,0.001038,0.001153,0.199312,,,,,,,,,,,,,,,,,,,,,
62,550,train,0.000850,0.001726,0.203961,,,,,,,,,,,,,,,,,,,,,
62,600,train,0.000912,0.000758,0.252827,,,,,,,,,,,,,,,,,,,,,
62,end,val,,,,0.010447,0.075034,0.078459,0.065236,0.066404,0.602760,0.108384,0.111470,0.092471,0.095216,0.605024,0.736417,0.701782,0.777559,0.762966,-0.027422,0.734178,0.672154,0.782046,0.769388,-0.055522
63,50,train,0.000786,0.000643,0.248717,,,,,,,,,,,,,,,,,,,,,
63,100,train,0.000738,0.000772,0.201427,,,,,,,,,,,,,,,,,,,,,
63,150,train,0.000915,0.000648,0.195529,,,,,,,,,,,,,,,,,,,,,
63,200,train,0.001004,0.001107,0.271995,,,,,,,,,,,,,,,,,,,,,
63,250,train,0.000846,0.000867,0.195526,,,,,,,,,,,,,,,,,,,,,
63,300,train,0.000809,0.000378,0.227546,,,,,,,,,,,,,,,,,,,,,
63,350,train,0.000871,0.001775,0.306966,,,,,,,,,,,,,,,,,,,,,
63,400,train,0.000775,0.000538,0.169587,,,,,,,,,,,,,,,,,,,,,
63,450,train,0.000853,0.001279,0.288575,,,,,,,,,,,,,,,,,,,,,
63,500,train,0.000719,0.000352,0.128126,,,,,,,,,,,,,,,,,,,,,
63,550,train,0.000896,0.000689,0.235614,,,,,,,,,,,,,,,,,,,,,
63,600,train,0.000731,0.000955,0.265979,,,,,,,,,,,,,,,,,,,,,
63,end,val,,,,0.010759,0.076108,0.080535,0.063938,0.065823,0.594772,0.110896,0.115719,0.091569,0.094661,0.596730,0.728050,0.695210,0.772371,0.764269,-0.015866,0.727304,0.660598,0.776949,0.769318,-0.044254
64,50,train,0.000771,0.000958,0.193923,,,,,,,,,,,,,,,,,,,,,
64,100,train,0.000788,0.001061,0.209159,,,,,,,,,,,,,,,,,,,,,
64,150,train,0.000847,0.000646,0.246581,,,,,,,,,,,,,,,,,,,,,
64,200,train,0.000840,0.001692,0.170530,,,,,,,,,,,,,,,,,,,,,
64,250,train,0.000886,0.000501,0.249929,,,,,,,,,,,,,,,,,,,,,
64,300,train,0.000809,0.001006,0.344002,,,,,,,,,,,,,,,,,,,,,
64,350,train,0.000780,0.000688,0.133076,,,,,,,,,,,,,,,,,,,,,
64,400,train,0.000821,0.000976,0.270671,,,,,,,,,,,,,,,,,,,,,
64,450,train,0.000762,0.000560,0.229393,,,,,,,,,,,,,,,,,,,,,
64,500,train,0.000725,0.002254,0.218245,,,,,,,,,,,,,,,,,,,,,
64,550,train,0.000765,0.000926,0.153332,,,,,,,,,,,,,,,,,,,,,
64,600,train,0.000768,0.000725,0.236329,,,,,,,,,,,,,,,,,,,,,
64,end,val,,,,0.010132,0.074583,0.078365,0.062771,0.065200,0.595157,0.107761,0.111448,0.089523,0.092096,0.597030,0.734343,0.693814,0.778736,0.769171,-0.017548,0.729484,0.654339,0.782932,0.773310,-0.045348
65,50,train,0.000846,0.000564,0.168614,,,,,,,,,,,,,,,,,,,,,
65,100,train,0.000985,0.000856,0.235170,,,,,,,,,,,,,,,,,,,,,
65,150,train,0.000844,0.000830,0.268971,,,,,,,,,,,,,,,,,,,,,
65,200,train,0.000845,0.000739,0.302504,,,,,,,,,,,,,,,,,,,,,
65,250,train,0.000871,0.000855,0.247272,,,,,,,,,,,,,,,,,,,,,
65,300,train,0.000749,0.000555,0.261726,,,,,,,,,,,,,,,,,,,,,
65,350,train,0.000776,0.000836,0.190579,,,,,,,,,,,,,,,,,,,,,
65,400,train,0.000808,0.000347,0.177493,,,,,,,,,,,,,,,,,,,,,
65,450,train,0.000897,0.000733,0.260463,,,,,,,,,,,,,,,,,,,,,
65,500,train,0.000828,0.001420,0.207447,,,,,,,,,,,,,,,,,,,,,
65,550,train,0.000804,0.000358,0.165234,,,,,,,,,,,,,,,,,,,,,
65,600,train,0.000843,0.000517,0.300468,,,,,,,,,,,,,,,,,,,,,
65,end,val,,,,0.010516,0.075101,0.081664,0.062861,0.065471,0.603634,0.108551,0.116547,0.090015,0.092698,0.605808,0.735803,0.700556,0.779140,0.764753,-0.012130,0.733057,0.663803,0.785449,0.767842,-0.042815
66,50,train,0.000740,0.000735,0.229964,,,,,,,,,,,,,,,,,,,,,
66,100,train,0.000816,0.000483,0.243845,,,,,,,,,,,,,,,,,,,,,
66,150,train,0.000769,0.001658,0.168538,,,,,,,,,,,,,,,,,,,,,
66,200,train,0.000792,0.001632,0.285926,,,,,,,,,,,,,,,,,,,,,
66,250,train,0.000843,0.000847,0.234373,,,,,,,,,,,,,,,,,,,,,
66,300,train,0.000990,0.000858,0.225544,,,,,,,,,,,,,,,,,,,,,
66,350,train,0.000919,0.000904,0.166466,,,,,,,,,,,,,,,,,,,,,
66,400,train,0.000763,0.000532,0.165632,,,,,,,,,,,,,,,,,,,,,
66,450,train,0.000752,0.000688,0.161799,,,,,,,,,,,,,,,,,,,,,
66,500,train,0.000839,0.000337,0.140750,,,,,,,,,,,,,,,,,,,,,
66,550,train,0.000916,0.000194,0.194112,,,,,,,,,,,,,,,,,,,,,
66,600,train,0.001034,0.000922,0.272137,,,,,,,,,,,,,,,,,,,,,
66,end,val,,,,0.010320,0.074736,0.078725,0.064332,0.065886,0.603492,0.107961,0.112508,0.090997,0.093189,0.605708,0.732339,0.697534,0.778212,0.765119,-0.029849,0.722554,0.656376,0.779095,0.767790,-0.056889
67,50,train,0.000716,0.001357,0.220612,,,,,,,,,,,,,,,,,,,,,
67,100,train,0.000886,0.000762,0.177125,,,,,,,,,,,,,,,,,,,,,
67,150,train,0.000807,0.000315,0.185753,,,,,,,,,,,,,,,,,,,,,
67,200,train,0.000946,0.000932,0.224782,,,,,,,,,,,,,,,,,,,,,
67,250,train,0.000885,0.001447,0.166716,,,,,,,,,,,,,,,,,,,,,
67,300,train,0.000742,0.000862,0.199379,,,,,,,,,,,,,,,,,,,,,
67,350,train,0.000945,0.001002,0.294475,,,,,,,,,,,,,,,,,,,,,
67,400,train,0.000834,0.000507,0.165433,,,,,,,,,,,,,,,,,,,,,
67,450,train,0.000807,0.001398,0.301203,,,,,,,,,,,,,,,,,,,,,
67,500,train,0.000792,0.001046,0.248610,,,,,,,,,,,,,,,,,,,,,
67,550,train,0.000733,0.000309,0.148794,,,,,,,,,,,,,,,,,,,,,
67,600,train,0.000791,0.001012,0.261077,,,,,,,,,,,,,,,,,,,,,
67,end,val,,,,0.010850,0.076244,0.080552,0.064283,0.066771,0.604314,0.110728,0.116568,0.091826,0.095488,0.606382,0.730110,0.691786,0.774502,0.765903,-0.019876,0.723835,0.656254,0.776242,0.763923,-0.049063
68,50,train,0.000790,0.001206,0.264133,,,,,,,,,,,,,,,,,,,,,
68,100,train,0.000757,0.000525,0.208931,,,,,,,,,,,,,,,,,,,,,
68,150,train,0.001157,0.001089,0.192716,,,,,,,,,,,,,,,,,,,,,
68,200,train,0.000970,0.000460,0.301837,,,,,,,,,,,,,,,,,,,,,
68,250,train,0.000798,0.000592,0.182121,,,,,,,,,,,,,,,,,,,,,
68,300,train,0.000758,0.000722,0.246283,,,,,,,,,,,,,,,,,,,,,
68,350,train,0.001070,0.001240,0.188288,,,,,,,,,,,,,,,,,,,,,
68,400,train,0.000857,0.000779,0.181113,,,,,,,,,,,,,,,,,,,,,
68,450,train,0.000783,0.000538,0.226978,,,,,,,,,,,,,,,,,,,,,
68,500,train,0.000849,0.000353,0.184594,,,,,,,,,,,,,,,,,,,,,
68,550,train,0.000856,0.000518,0.167933,,,,,,,,,,,,,,,,,,,,,
68,600,train,0.000828,0.000826,0.284900,,,,,,,,,,,,,,,,,,,,,
68,end,val,,,,0.010338,0.074393,0.077530,0.064252,0.066493,0.604112,0.108106,0.112132,0.090951,0.093914,0.606470,0.732618,0.699964,0.777893,0.761549,-0.027832,0.724429,0.661414,0.778276,0.756639,-0.059283
69,50,train,0.000751,0.000502,0.162490,,,,,,,,,,,,,,,,,,,,,
69,100,train,0.000734,0.000277,0.224143,,,,,,,,,,,,,,,,,,,,,
69,150,train,0.000744,0.000452,0.211448,,,,,,,,,,,,,,,,,,,,,
69,200,train,0.000995,0.001155,0.233796,,,,,,,,,,,,,,,,,,,,,
69,250,train,0.000782,0.000376,0.215421,,,,,,,,,,,,,,,,,,,,,
69,300,train,0.000891,0.000833,0.214707,,,,,,,,,,,,,,,,,,,,,
69,350,train,0.000764,0.000559,0.166554,,,,,,,,,,,,,,,,,,,,,
69,400,train,0.000701,0.000653,0.251006,,,,,,,,,,,,,,,,,,,,,
69,450,train,0.000705,0.000844,0.208130,,,,,,,,,,,,,,,,,,,,,
69,500,train,0.000743,0.000460,0.227784,,,,,,,,,,,,,,,,,,,,,
69,550,train,0.000729,0.000720,0.218531,,,,,,,,,,,,,,,,,,,,,
69,600,train,0.000843,0.001471,0.200379,,,,,,,,,,,,,,,,,,,,,
69,end,val,,,,0.010237,0.074028,0.077222,0.063888,0.065509,0.604740,0.107444,0.111162,0.090834,0.093784,0.606956,0.734427,0.698767,0.781576,0.764635,-0.025057,0.726816,0.659509,0.783415,0.766627,-0.056434
70,50,train,0.000856,0.000662,0.261349,,,,,,,,,,,,,,,,,,,,,
70,100,train,0.000723,0.000527,0.336422,,,,,,,,,,,,,,,,,,,,,
70,150,train,0.000695,0.001171,0.177234,,,,,,,,,,,,,,,,,,,,,
70,200,train,0.000771,0.000950,0.236774,,,,,,,,,,,,,,,,,,,,,
70,250,train,0.000694,0.001128,0.240971,,,,,,,,,,,,,,,,,,,,,
70,300,train,0.000687,0.000641,0.201889,,,,,,,,,,,,,,,,,,,,,
70,350,train,0.000826,0.000434,0.365833,,,,,,,,,,,,,,,,,,,,,
70,400,train,0.000739,0.001779,0.222392,,,,,,,,,,,,,,,,,,,,,
70,450,train,0.000715,0.000618,0.260414,,,,,,,,,,,,,,,,,,,,,
70,500,train,0.000647,0.000649,0.232966,,,,,,,,,,,,,,,,,,,,,
70,550,train,0.000660,0.000496,0.293443,,,,,,,,,,,,,,,,,,,,,
70,600,train,0.000743,0.001352,0.270465,,,,,,,,,,,,,,,,,,,,,
70,end,val,,,,0.010557,0.076494,0.078672,0.064630,0.065102,0.599837,0.111358,0.112769,0.091950,0.093026,0.601768,0.734249,0.703602,0.777697,0.769761,-0.027702,0.733399,0.670760,0.777048,0.774016,-0.055450
71,50,train,0.000669,0.000949,0.210255,,,,,,,,,,,,,,,,,,,,,
71,100,train,0.000745,0.000519,0.192885,,,,,,,,,,,,,,,,,,,,,
71,150,train,0.000686,0.001243,0.223794,,,,,,,,,,,,,,,,,,,,,
71,200,train,0.000727,0.000580,0.238926,,,,,,,,,,,,,,,,,,,,,
71,250,train,0.000718,0.000485,0.196931,,,,,,,,,,,,,,,,,,,,,
71,300,train,0.000718,0.000584,0.186382,,,,,,,,,,,,,,,,,,,,,
71,350,train,0.000698,0.000557,0.215873,,,,,,,,,,,,,,,,,,,,,
71,400,train,0.000748,0.000645,0.220044,,,,,,,,,,,,,,,,,,,,,
71,450,train,0.000643,0.000588,0.114428,,,,,,,,,,,,,,,,,,,,,
71,500,train,0.000709,0.000499,0.233196,,,,,,,,,,,,,,,,,,,,,
71,550,train,0.000753,0.002239,0.180469,,,,,,,,,,,,,,,,,,,,,
71,600,train,0.000808,0.000340,0.283624,,,,,,,,,,,,,,,,,,,,,
71,end,val,,,,0.011338,0.081059,0.085510,0.064574,0.067196,0.603404,0.115304,0.120182,0.091360,0.096263,0.605772,0.735976,0.703149,0.780972,0.771090,-0.030848,0.732688,0.671657,0.782736,0.775090,-0.062323
72,50,train,0.000728,0.000799,0.226420,,,,,,,,,,,,,,,,,,,,,
72,100,train,0.000717,0.000586,0.267479,,,,,,,,,,,,,,,,,,,,,
72,150,train,0.000657,0.000689,0.261304,,,,,,,,,,,,,,,,,,,,,
72,200,train,0.000700,0.000498,0.258074,,,,,,,,,,,,,,,,,,,,,
72,250,train,0.000622,0.000784,0.190348,,,,,,,,,,,,,,,,,,,,,
72,300,train,0.000669,0.000509,0.212233,,,,,,,,,,,,,,,,,,,,,
72,350,train,0.000634,0.000698,0.275806,,,,,,,,,,,,,,,,,,,,,
72,400,train,0.000722,0.000556,0.166109,,,,,,,,,,,,,,,,,,,,,
72,450,train,0.000739,0.001564,0.189182,,,,,,,,,,,,,,,,,,,,,
72,500,train,0.000609,0.000769,0.160018,,,,,,,,,,,,,,,,,,,,,
72,550,train,0.000626,0.000678,0.261163,,,,,,,,,,,,,,,,,,,,,
72,600,train,0.000765,0.001107,0.231181,,,,,,,,,,,,,,,,,,,,,
72,end,val,,,,0.010697,0.075960,0.078476,0.064358,0.067313,0.603558,0.110131,0.113254,0.092028,0.096773,0.605444,0.726410,0.687087,0.776983,0.763651,-0.018898,0.724927,0.654266,0.780367,0.768892,-0.048615
73,50,train,0.000804,0.000598,0.127727,,,,,,,,,,,,,,,,,,,,,
73,100,train,0.000710,0.000584,0.203891,,,,,,,,,,,,,,,,,,,,,
73,150,train,0.000774,0.000327,0.240101,,,,,,,,,,,,,,,,,,,,,
73,200,train,0.000629,0.000737,0.268668,,,,,,,,,,,,,,,,,,,,,
73,250,train,0.000809,0.000823,0.257222,,,,,,,,,,,,,,,,,,,,,
73,300,train,0.000790,0.001097,0.288404,,,,,,,,,,,,,,,,,,,,,
73,350,train,0.000686,0.000564,0.245910,,,,,,,,,,,,,,,,,,,,,
73,400,train,0.000808,0.001217,0.273582,,,,,,,,,,,,,,,,,,,,,
73,450,train,0.000805,0.000723,0.254896,,,,,,,,,,,,,,,,,,,,,
73,500,train,0.000700,0.000709,0.234062,,,,,,,,,,,,,,,,,,,,,
73,550,train,0.000748,0.000515,0.242402,,,,,,,,,,,,,,,,,,,,,
73,600,train,0.000723,0.000147,0.161221,,,,,,,,,,,,,,,,,,,,,
73,end,val,,,,0.010282,0.075352,0.078079,0.063309,0.065177,0.590782,0.109000,0.111843,0.089675,0.093247,0.592632,0.729273,0.701627,0.778503,0.766778,-0.024491,0.722761,0.666640,0.776759,0.767475,-0.056401
74,50,train,0.000715,0.000571,0.294160,,,,,,,,,,,,,,,,,,,,,
74,100,train,0.000727,0.001059,0.189093,,,,,,,,,,,,,,,,,,,,,
74,150,train,0.000736,0.000696,0.200619,,,,,,,,,,,,,,,,,,,,,
74,200,train,0.000776,0.000600,0.305416,,,,,,,,,,,,,,,,,,,,,
74,250,train,0.000746,0.000864,0.201996,,,,,,,,,,,,,,,,,,,,,
74,300,train,0.000696,0.000850,0.251708,,,,,,,,,,,,,,,,,,,,,
74,350,train,0.000629,0.000411,0.233237,,,,,,,,,,,,,,,,,,,,,
74,400,train,0.000736,0.000536,0.188485,,,,,,,,,,,,,,,,,,,,,
74,450,train,0.000755,0.000362,0.237227,,,,,,,,,,,,,,,,,,,,,
74,500,train,0.000692,0.000395,0.205112,,,,,,,,,,,,,,,,,,,,,
74,550,train,0.000674,0.000385,0.326923,,,,,,,,,,,,,,,,,,,,,
74,600,train,0.000660,0.000518,0.304525,,,,,,,,,,,,,,,,,,,,,
74,end,val,,,,0.010621,0.076787,0.079730,0.063176,0.066064,0.598874,0.111262,0.114333,0.090153,0.094363,0.600843,0.728000,0.697399,0.777646,0.762947,-0.021513,0.721275,0.652480,0.779133,0.761470,-0.052247
75,50,train,0.000776,0.000886,0.218415,,,,,,,,,,,,,,,,,,,,,
75,100,train,0.000723,0.000331,0.202663,,,,,,,,,,,,,,,,,,,,,
75,150,train,0.000620,0.000587,0.239515,,,,,,,,,,,,,,,,,,,,,
75,200,train,0.000710,0.000491,0.176358,,,,,,,,,,,,,,,,,,,,,
75,250,train,0.000678,0.000549,0.190356,,,,,,,,,,,,,,,,,,,,,
75,300,train,0.000697,0.001205,0.172299,,,,,,,,,,,,,,,,,,,,,
75,350,train,0.000685,0.001056,0.288687,,,,,,,,,,,,,,,,,,,,,
75,400,train,0.000656,0.001002,0.199540,,,,,,,,,,,,,,,,,,,,,
75,450,train,0.000812,0.001562,0.172518,,,,,,,,,,,,,,,,,,,,,
75,500,train,0.000690,0.000880,0.203729,,,,,,,,,,,,,,,,,,,,,
75,550,train,0.000676,0.000576,0.203760,,,,,,,,,,,,,,,,,,,,,
75,600,train,0.000747,0.000646,0.280007,,,,,,,,,,,,,,,,,,,,,
75,end,val,,,,0.010483,0.074877,0.079107,0.063307,0.066459,0.600872,0.108464,0.113441,0.090523,0.095425,0.603084,0.731482,0.700986,0.778388,0.758606,-0.025075,0.722863,0.660607,0.779426,0.759101,-0.056854
76,50,train,0.000671,0.001009,0.270640,,,,,,,,,,,,,,,,,,,,,
76,100,train,0.000609,0.000433,0.207917,,,,,,,,,,,,,,,,,,,,,
76,150,train,0.000675,0.000788,0.192867,,,,,,,,,,,,,,,,,,,,,
76,200,train,0.000588,0.000339,0.227236,,,,,,,,,,,,,,,,,,,,,
76,250,train,0.000763,0.000826,0.197288,,,,,,,,,,,,,,,,,,,,,
76,300,train,0.000664,0.000914,0.305970,,,,,,,,,,,,,,,,,,,,,
76,350,train,0.000705,0.000963,0.227616,,,,,,,,,,,,,,,,,,,,,
76,400,train,0.000754,0.000439,0.186350,,,,,,,,,,,,,,,,,,,,,
76,450,train,0.000724,0.000858,0.214280,,,,,,,,,,,,,,,,,,,,,
76,500,train,0.000679,0.000228,0.173373,,,,,,,,,,,,,,,,,,,,,
76,550,train,0.000728,0.000908,0.212507,,,,,,,,,,,,,,,,,,,,,
76,600,train,0.000652,0.000959,0.246633,,,,,,,,,,,,,,,,,,,,,
76,end,val,,,,0.010682,0.077562,0.080656,0.062833,0.066270,0.600117,0.111787,0.115315,0.088922,0.095003,0.602387,0.731776,0.702082,0.783189,0.772228,-0.025787,0.724812,0.661808,0.782935,0.773602,-0.055600
77,50,train,0.000642,0.000558,0.198019,,,,,,,,,,,,,,,,,,,,,
77,100,train,0.000647,0.000361,0.294358,,,,,,,,,,,,,,,,,,,,,
77,150,train,0.000742,0.000277,0.209638,,,,,,,,,,,,,,,,,,,,,
77,200,train,0.000754,0.000861,0.236362,,,,,,,,,,,,,,,,,,,,,
77,250,train,0.000718,0.000236,0.131216,,,,,,,,,,,,,,,,,,,,,
77,300,train,0.000642,0.001307,0.232105,,,,,,,,,,,,,,,,,,,,,
77,350,train,0.000594,0.000571,0.183135,,,,,,,,,,,,,,,,,,,,,
77,400,train,0.000677,0.000517,0.146591,,,,,,,,,,,,,,,,,,,,,
77,450,train,0.000684,0.000296,0.228828,,,,,,,,,,,,,,,,,,,,,
77,500,train,0.000645,0.000806,0.157906,,,,,,,,,,,,,,,,,,,,,
77,550,train,0.000642,0.000896,0.223231,,,,,,,,,,,,,,,,,,,,,
77,600,train,0.000637,0.000447,0.207468,,,,,,,,,,,,,,,,,,,,,
77,end,val,,,,0.010331,0.075715,0.079120,0.062395,0.065288,0.596304,0.108844,0.113529,0.088889,0.093195,0.598620,0.733744,0.701713,0.783401,0.764511,-0.023050,0.729248,0.664505,0.787231,0.766812,-0.052464
78,50,train,0.000657,0.000519,0.177402,,,,,,,,,,,,,,,,,,,,,
78,100,train,0.000616,0.001029,0.248854,,,,,,,,,,,,,,,,,,,,,
78,150,train,0.000720,0.000321,0.226641,,,,,,,,,,,,,,,,,,,,,
78,200,train,0.000650,0.000322,0.256311,,,,,,,,,,,,,,,,,,,,,
78,250,train,0.000705,0.000719,0.293124,,,,,,,,,,,,,,,,,,,,,
78,300,train,0.000782,0.000425,0.256271,,,,,,,,,,,,,,,,,,,,,
78,350,train,0.000731,0.000282,0.225414,,,,,,,,,,,,,,,,,,,,,
78,400,train,0.000646,0.000605,0.189074,,,,,,,,,,,,,,,,,,,,,
78,450,train,0.000645,0.000674,0.137851,,,,,,,,,,,,,,,,,,,,,
78,500,train,0.000580,0.000361,0.288588,,,,,,,,,,,,,,,,,,,,,
78,550,train,0.000628,0.000336,0.173769,,,,,,,,,,,,,,,,,,,,,
78,600,train,0.000696,0.000617,0.199550,,,,,,,,,,,,,,,,,,,,,
78,end,val,,,,0.010693,0.075690,0.079600,0.064482,0.065689,0.603073,0.109522,0.115193,0.092372,0.094736,0.605460,0.729944,0.690390,0.775298,0.762516,-0.016666,0.726789,0.651531,0.779432,0.767566,-0.049782
79,50,train,0.000699,0.001457,0.238855,,,,,,,,,,,,,,,,,,,,,
79,100,train,0.000688,0.000969,0.174566,,,,,,,,,,,,,,,,,,,,,
79,150,train,0.000661,0.000544,0.207710,,,,,,,,,,,,,,,,,,,,,
79,200,train,0.000679,0.000709,0.244629,,,,,,,,,,,,,,,,,,,,,
79,250,train,0.000669,0.001075,0.234846,,,,,,,,,,,,,,,,,,,,,
79,300,train,0.000678,0.000540,0.221347,,,,,,,,,,,,,,,,,,,,,
79,350,train,0.000579,0.000788,0.301988,,,,,,,,,,,,,,,,,,,,,
79,400,train,0.000575,0.000219,0.207077,,,,,,,,,,,,,,,,,,,,,
79,450,train,0.000721,0.000633,0.215781,,,,,,,,,,,,,,,,,,,,,
79,500,train,0.000676,0.000426,0.245878,,,,,,,,,,,,,,,,,,,,,
79,550,train,0.000841,0.000943,0.250562,,,,,,,,,,,,,,,,,,,,,
79,600,train,0.000659,0.000481,0.238823,,,,,,,,,,,,,,,,,,,,,
79,end,val,,,,0.010202,0.074227,0.076863,0.063399,0.065431,0.601345,0.107976,0.110581,0.090985,0.092975,0.603548,0.733161,0.698682,0.775641,0.763165,-0.018998,0.728364,0.661218,0.777001,0.762673,-0.047270
80,50,train,0.000615,0.000961,0.158030,,,,,,,,,,,,,,,,,,,,,
80,100,train,0.000805,0.000514,0.277212,,,,,,,,,,,,,,,,,,,,,
80,150,train,0.000564,0.000483,0.239824,,,,,,,,,,,,,,,,,,,,,
80,200,train,0.000636,0.000200,0.225011,,,,,,,,,,,,,,,,,,,,,
80,250,train,0.000614,0.000232,0.265016,,,,,,,,,,,,,,,,,,,,,
80,300,train,0.000709,0.000594,0.232500,,,,,,,,,,,,,,,,,,,,,
80,350,train,0.000630,0.000671,0.234039,,,,,,,,,,,,,,,,,,,,,
80,400,train,0.000625,0.000817,0.150121,,,,,,,,,,,,,,,,,,,,,
80,450,train,0.000852,0.001020,0.279255,,,,,,,,,,,,,,,,,,,,,
80,500,train,0.000612,0.000821,0.243991,,,,,,,,,,,,,,,,,,,,,
80,550,train,0.000670,0.000607,0.277666,,,,,,,,,,,,,,,,,,,,,
80,600,train,0.000606,0.000927,0.327028,,,,,,,,,,,,,,,,,,,,,
80,end,val,,,,0.010389,0.074988,0.077988,0.062974,0.066148,0.605213,0.108451,0.112322,0.090444,0.094864,0.607598,0.732131,0.697092,0.778421,0.767819,-0.009765,0.727365,0.664424,0.782242,0.769884,-0.041756
81,50,train,0.000651,0.000151,0.330965,,,,,,,,,,,,,,,,,,,,,
81,100,train,0.000547,0.000674,0.246417,,,,,,,,,,,,,,,,,,,,,
81,150,train,0.000572,0.000378,0.287316,,,,,,,,,,,,,,,,,,,,,
81,200,train,0.000668,0.001466,0.361229,,,,,,,,,,,,,,,,,,,,,
81,250,train,0.000581,0.000285,0.237807,,,,,,,,,,,,,,,,,,,,,
81,300,train,0.000639,0.000209,0.358039,,,,,,,,,,,,,,,,,,,,,
81,350,train,0.000581,0.000626,0.346183,,,,,,,,,,,,,,,,,,,,,
81,400,train,0.000649,0.000484,0.232359,,,,,,,,,,,,,,,,,,,,,
81,450,train,0.000659,0.000435,0.176660,,,,,,,,,,,,,,,,,,,,,
81,500,train,0.000696,0.000730,0.181693,,,,,,,,,,,,,,,,,,,,,
81,550,train,0.000619,0.000644,0.246457,,,,,,,,,,,,,,,,,,,,,
81,600,train,0.000669,0.000504,0.192346,,,,,,,,,,,,,,,,,,,,,
81,end,val,,,,0.010471,0.075504,0.078060,0.063589,0.067045,0.604713,0.108801,0.112613,0.090471,0.095809,0.606956,0.733900,0.697515,0.780640,0.766735,-0.026427,0.727677,0.660941,0.783032,0.767695,-0.056861
82,50,train,0.000624,0.000745,0.212629,,,,,,,,,,,,,,,,,,,,,
82,100,train,0.000607,0.000658,0.299902,,,,,,,,,,,,,,,,,,,,,
82,150,train,0.000633,0.000277,0.206565,,,,,,,,,,,,,,,,,,,,,
82,200,train,0.000580,0.000501,0.263241,,,,,,,,,,,,,,,,,,,,,
82,250,train,0.000641,0.001123,0.252494,,,,,,,,,,,,,,,,,,,,,
82,300,train,0.000645,0.001095,0.231900,,,,,,,,,,,,,,,,,,,,,
82,350,train,0.000525,0.001005,0.187667,,,,,,,,,,,,,,,,,,,,,
82,400,train,0.000609,0.000377,0.210378,,,,,,,,,,,,,,,,,,,,,
82,450,train,0.000593,0.000516,0.249639,,,,,,,,,,,,,,,,,,,,,
82,500,train,0.000572,0.000633,0.182510,,,,,,,,,,,,,,,,,,,,,
82,550,train,0.000539,0.000542,0.232184,,,,,,,,,,,,,,,,,,,,,
82,600,train,0.000567,0.000422,0.226021,,,,,,,,,,,,,,,,,,,,,
82,end,val,,,,0.010725,0.076683,0.080033,0.062269,0.066426,0.593543,0.111082,0.115651,0.089702,0.095607,0.595547,0.729499,0.692552,0.783340,0.764445,-0.019013,0.727539,0.655493,0.790866,0.766682,-0.048385
83,50,train,0.000552,0.000504,0.243161,,,,,,,,,,,,,,,,,,,,,
83,100,train,0.000654,0.000697,0.241369,,,,,,,,,,,,,,,,,,,,,
83,150,train,0.000657,0.001488,0.222082,,,,,,,,,,,,,,,,,,,,,
83,200,train,0.000559,0.000538,0.204316,,,,,,,,,,,,,,,,,,,,,
83,250,train,0.000645,0.000390,0.222782,,,,,,,,,,,,,,,,,,,,,
83,300,train,0.000742,0.000448,0.218908,,,,,,,,,,,,,,,,,,,,,
83,350,train,0.000662,0.000352,0.264323,,,,,,,,,,,,,,,,,,,,,
83,400,train,0.000661,0.001210,0.292134,,,,,,,,,,,,,,,,,,,,,
83,450,train,0.000661,0.000501,0.196409,,,,,,,,,,,,,,,,,,,,,
83,500,train,0.000623,0.000389,0.164761,,,,,,,,,,,,,,,,,,,,,
83,550,train,0.000749,0.000693,0.285627,,,,,,,,,,,,,,,,,,,,,
83,600,train,0.000701,0.001103,0.181855,,,,,,,,,,,,,,,,,,,,,
83,end,val,,,,0.010386,0.075607,0.077340,0.062480,0.066433,0.593249,0.109465,0.111488,0.089726,0.095289,0.595308,0.729475,0.697638,0.782133,0.769636,-0.014429,0.723969,0.663646,0.787379,0.773182,-0.043776
84,50,train,0.000586,0.000998,0.217659,,,,,,,,,,,,,,,,,,,,,
84,100,train,0.000576,0.000930,0.264349,,,,,,,,,,,,,,,,,,,,,
84,150,train,0.000676,0.000484,0.375496,,,,,,,,,,,,,,,,,,,,,
84,200,train,0.000609,0.000703,0.325150,,,,,,,,,,,,,,,,,,,,,
84,250,train,0.000669,0.001050,0.286139,,,,,,,,,,,,,,,,,,,,,
84,300,train,0.000617,0.000247,0.234943,,,,,,,,,,,,,,,,,,,,,
84,350,train,0.000604,0.000755,0.244726,,,,,,,,,,,,,,,,,,,,,
84,400,train,0.000563,0.000698,0.200055,,,,,,,,,,,,,,,,,,,,,
84,450,train,0.000594,0.000623,0.180675,,,,,,,,,,,,,,,,,,,,,
84,500,train,0.000601,0.000308,0.289251,,,,,,,,,,,,,,,,,,,,,
84,550,train,0.000613,0.001846,0.275715,,,,,,,,,,,,,,,,,,,,,
84,600,train,0.000645,0.000548,0.270341,,,,,,,,,,,,,,,,,,,,,
84,end,val,,,,0.010370,0.075882,0.078428,0.063592,0.065508,0.595609,0.108815,0.111784,0.091590,0.093571,0.598023,0.732941,0.702899,0.773232,0.763943,0.000582,0.724479,0.663885,0.781202,0.764088,-0.029527
85,50,train,0.000560,0.000475,0.172295,,,,,,,,,,,,,,,,,,,,,
85,100,train,0.000603,0.000380,0.211061,,,,,,,,,,,,,,,,,,,,,
85,150,train,0.000626,0.000604,0.230984,,,,,,,,,,,,,,,,,,,,,
85,200,train,0.000571,0.000607,0.148626,,,,,,,,,,,,,,,,,,,,,
85,250,train,0.000533,0.000756,0.167367,,,,,,,,,,,,,,,,,,,,,
85,300,train,0.000601,0.000658,0.156365,,,,,,,,,,,,,,,,,,,,,
85,350,train,0.000679,0.000807,0.214061,,,,,,,,,,,,,,,,,,,,,
85,400,train,0.000668,0.000491,0.202742,,,,,,,,,,,,,,,,,,,,,
85,450,train,0.000654,0.000583,0.141452,,,,,,,,,,,,,,,,,,,,,
85,500,train,0.000600,0.000623,0.397847,,,,,,,,,,,,,,,,,,,,,
85,550,train,0.000639,0.000608,0.175693,,,,,,,,,,,,,,,,,,,,,
85,600,train,0.000677,0.000724,0.176253,,,,,,,,,,,,,,,,,,,,,
85,end,val,,,,0.010542,0.075144,0.078748,0.063263,0.065419,0.596478,0.109358,0.114502,0.090492,0.094399,0.598278,0.729030,0.685045,0.773695,0.766226,-0.008797,0.719604,0.635676,0.777728,0.769607,-0.038214
86,50,train,0.000694,0.000942,0.320789,,,,,,,,,,,,,,,,,,,,,
86,100,train,0.000490,0.000346,0.310029,,,,,,,,,,,,,,,,,,,,,
86,150,train,0.000519,0.001126,0.138366,,,,,,,,,,,,,,,,,,,,,
86,200,train,0.000646,0.000367,0.213841,,,,,,,,,,,,,,,,,,,,,
86,250,train,0.000515,0.000965,0.183079,,,,,,,,,,,,,,,,,,,,,
86,300,train,0.000667,0.000727,0.174532,,,,,,,,,,,,,,,,,,,,,
86,350,train,0.000608,0.000441,0.176935,,,,,,,,,,,,,,,,,,,,,
86,400,train,0.000633,0.000526,0.283306,,,,,,,,,,,,,,,,,,,,,
86,450,train,0.000557,0.000656,0.282983,,,,,,,,,,,,,,,,,,,,,
86,500,train,0.000622,0.000375,0.249824,,,,,,,,,,,,,,,,,,,,,
86,550,train,0.000646,0.000379,0.174673,,,,,,,,,,,,,,,,,,,,,
86,600,train,0.000590,0.000509,0.336155,,,,,,,,,,,,,,,,,,,,,
86,end,val,,,,0.010412,0.075549,0.078374,0.061940,0.064863,0.597729,0.110004,0.113062,0.089315,0.093732,0.599838,0.729294,0.700801,0.780045,0.767673,-0.013130,0.720936,0.659331,0.787344,0.771409,-0.046058
87,50,train,0.000565,0.000830,0.262250,,,,,,,,,,,,,,,,,,,,,
87,100,train,0.000578,0.000275,0.162599,,,,,,,,,,,,,,,,,,,,,
87,150,train,0.000550,0.000319,0.210549,,,,,,,,,,,,,,,,,,,,,
87,200,train,0.000586,0.000574,0.265746,,,,,,,,,,,,,,,,,,,,,
87,250,train,0.000654,0.000507,0.174918,,,,,,,,,,,,,,,,,,,,,
87,300,train,0.000666,0.000326,0.226016,,,,,,,,,,,,,,,,,,,,,
87,350,train,0.000683,0.000537,0.222526,,,,,,,,,,,,,,,,,,,,,
87,400,train,0.000637,0.000944,0.114582,,,,,,,,,,,,,,,,,,,,,
87,450,train,0.000528,0.000440,0.223014,,,,,,,,,,,,,,,,,,,,,
87,500,train,0.000547,0.000729,0.120890,,,,,,,,,,,,,,,,,,,,,
87,550,train,0.000722,0.000543,0.188760,,,,,,,,,,,,,,,,,,,,,
87,600,train,0.000609,0.000468,0.161054,,,,,,,,,,,,,,,,,,,,,
87,end,val,,,,0.010256,0.075045,0.078986,0.062267,0.065213,0.596738,0.108394,0.112964,0.089238,0.092473,0.598964,0.731159,0.699632,0.782677,0.766306,-0.018055,0.725424,0.657668,0.789326,0.765419,-0.044843
88,50,train,0.000566,0.000264,0.340075,,,,,,,,,,,,,,,,,,,,,
88,100,train,0.000500,0.000492,0.170949,,,,,,,,,,,,,,,,,,,,,
88,150,train,0.000674,0.000357,0.206262,,,,,,,,,,,,,,,,,,,,,
88,200,train,0.000615,0.000193,0.185430,,,,,,,,,,,,,,,,,,,,,
88,250,train,0.000590,0.000841,0.171552,,,,,,,,,,,,,,,,,,,,,
88,300,train,0.000582,0.000526,0.192124,,,,,,,,,,,,,,,,,,,,,
88,350,train,0.000505,0.000602,0.219990,,,,,,,,,,,,,,,,,,,,,
88,400,train,0.000524,0.000454,0.276434,,,,,,,,,,,,,,,,,,,,,
88,450,train,0.000611,0.000545,0.210066,,,,,,,,,,,,,,,,,,,,,
88,500,train,0.000555,0.000332,0.170376,,,,,,,,,,,,,,,,,,,,,
88,550,train,0.000583,0.000585,0.215890,,,,,,,,,,,,,,,,,,,,,
88,600,train,0.000693,0.000884,0.203575,,,,,,,,,,,,,,,,,,,,,
88,end,val,,,,0.010456,0.074159,0.080831,0.062642,0.065540,0.595697,0.107339,0.115972,0.089944,0.093604,0.597670,0.730650,0.695879,0.776952,0.762128,-0.011628,0.723192,0.652462,0.781920,0.764100,-0.040518
89,50,train,0.000474,0.000350,0.245348,,,,,,,,,,,,,,,,,,,,,
89,100,train,0.000573,0.000994,0.277443,,,,,,,,,,,,,,,,,,,,,
89,150,train,0.000607,0.000764,0.255288,,,,,,,,,,,,,,,,,,,,,
89,200,train,0.000527,0.000555,0.308946,,,,,,,,,,,,,,,,,,,,,
89,250,train,0.000572,0.000812,0.276619,,,,,,,,,,,,,,,,,,,,,
89,300,train,0.000688,0.000366,0.235138,,,,,,,,,,,,,,,,,,,,,
89,350,train,0.000660,0.000728,0.223459,,,,,,,,,,,,,,,,,,,,,
89,400,train,0.000698,0.000886,0.322699,,,,,,,,,,,,,,,,,,,,,
89,450,train,0.000728,0.000753,0.230924,,,,,,,,,,,,,,,,,,,,,
89,500,train,0.000591,0.000259,0.164865,,,,,,,,,,,,,,,,,,,,,
89,550,train,0.000642,0.000597,0.228636,,,,,,,,,,,,,,,,,,,,,
89,600,train,0.000576,0.000534,0.267952,,,,,,,,,,,,,,,,,,,,,
89,end,val,,,,0.010341,0.075824,0.078149,0.064023,0.065240,0.594709,0.109212,0.112367,0.090641,0.092700,0.596859,0.733565,0.699147,0.781435,0.773498,-0.030971,0.724415,0.664447,0.781685,0.774926,-0.056737
90,50,train,0.000594,0.000556,0.232617,,,,,,,,,,,,,,,,,,,,,
90,100,train,0.000532,0.000352,0.172788,,,,,,,,,,,,,,,,,,,,,
90,150,train,0.000478,0.000379,0.208130,,,,,,,,,,,,,,,,,,,,,
90,200,train,0.000528,0.000274,0.236256,,,,,,,,,,,,,,,,,,,,,
90,250,train,0.000591,0.000253,0.169783,,,,,,,,,,,,,,,,,,,,,
90,300,train,0.000519,0.000561,0.182951,,,,,,,,,,,,,,,,,,,,,
90,350,train,0.000678,0.000455,0.319507,,,,,,,,,,,,,,,,,,,,,
90,400,train,0.000692,0.000787,0.216315,,,,,,,,,,,,,,,,,,,,,
90,450,train,0.000580,0.000178,0.191931,,,,,,,,,,,,,,,,,,,,,
90,500,train,0.000532,0.000725,0.208032,,,,,,,,,,,,,,,,,,,,,
90,550,train,0.000645,0.000558,0.210104,,,,,,,,,,,,,,,,,,,,,
90,600,train,0.000617,0.000437,0.271072,,,,,,,,,,,,,,,,,,,,,
90,end,val,,,,0.010509,0.075410,0.081340,0.062406,0.064787,0.602306,0.109059,0.116887,0.089001,0.092513,0.604917,0.734113,0.699799,0.787496,0.770479,-0.027520,0.723146,0.656660,0.792748,0.772935,-0.058952
91,50,train,0.000541,0.000370,0.229267,,,,,,,,,,,,,,,,,,,,,
91,100,train,0.000650,0.000471,0.217187,,,,,,,,,,,,,,,,,,,,,
91,150,train,0.000569,0.000331,0.198371,,,,,,,,,,,,,,,,,,,,,
91,200,train,0.000511,0.000509,0.170642,,,,,,,,,,,,,,,,,,,,,
91,250,train,0.000623,0.000822,0.175562,,,,,,,,,,,,,,,,,,,,,
91,300,train,0.000544,0.000606,0.236863,,,,,,,,,,,,,,,,,,,,,
91,350,train,0.000463,0.000348,0.127273,,,,,,,,,,,,,,,,,,,,,
91,400,train,0.000580,0.000488,0.142210,,,,,,,,,,,,,,,,,,,,,
91,450,train,0.000485,0.000448,0.177190,,,,,,,,,,,,,,,,,,,,,
91,500,train,0.000584,0.000597,0.205348,,,,,,,,,,,,,,,,,,,,,
91,550,train,0.000534,0.000346,0.183602,,,,,,,,,,,,,,,,,,,,,
91,600,train,0.000512,0.000775,0.217702,,,,,,,,,,,,,,,,,,,,,
91,end,val,,,,0.010846,0.077558,0.080657,0.063127,0.066315,0.603975,0.112110,0.116407,0.090727,0.095049,0.606344,0.731715,0.698174,0.781956,0.760490,-0.009792,0.726283,0.666157,0.788959,0.763990,-0.037782
92,50,train,0.000628,0.001013,0.151411,,,,,,,,,,,,,,,,,,,,,
92,100,train,0.000518,0.000457,0.200108,,,,,,,,,,,,,,,,,,,,,
92,150,train,0.000567,0.000483,0.189429,,,,,,,,,,,,,,,,,,,,,
92,200,train,0.000572,0.000182,0.210430,,,,,,,,,,,,,,,,,,,,,
92,250,train,0.000507,0.000642,0.205345,,,,,,,,,,,,,,,,,,,,,
92,300,train,0.000554,0.000439,0.264057,,,,,,,,,,,,,,,,,,,,,
92,350,train,0.000516,0.000634,0.298814,,,,,,,,,,,,,,,,,,,,,
92,400,train,0.000564,0.000653,0.156846,,,,,,,,,,,,,,,,,,,,,
92,450,train,0.000581,0.000502,0.163186,,,,,,,,,,,,,,,,,,,,,
92,500,train,0.000590,0.000241,0.179446,,,,,,,,,,,,,,,,,,,,,
92,550,train,0.000582,0.000297,0.324822,,,,,,,,,,,,,,,,,,,,,
92,600,train,0.000533,0.000446,0.258591,,,,,,,,,,,,,,,,,,,,,
92,end,val,,,,0.010758,0.077230,0.079764,0.063020,0.065403,0.599530,0.112182,0.115748,0.090394,0.094217,0.601871,0.726677,0.693128,0.783078,0.769769,-0.011437,0.722497,0.658713,0.789720,0.775630,-0.042367
93,50,train,0.000514,0.000760,0.155578,,,,,,,,,,,,,,,,,,,,,
93,100,train,0.000483,0.000626,0.199511,,,,,,,,,,,,,,,,,,,,,
93,150,train,0.000538,0.000471,0.251698,,,,,,,,,,,,,,,,,,,,,
93,200,train,0.000553,0.000440,0.260421,,,,,,,,,,,,,,,,,,,,,
93,250,train,0.000527,0.000418,0.152320,,,,,,,,,,,,,,,,,,,,,
93,300,train,0.000567,0.000926,0.207150,,,,,,,,,,,,,,,,,,,,,
93,350,train,0.000511,0.000780,0.290271,,,,,,,,,,,,,,,,,,,,,
93,400,train,0.000524,0.000854,0.189861,,,,,,,,,,,,,,,,,,,,,
93,450,train,0.000542,0.000266,0.200297,,,,,,,,,,,,,,,,,,,,,
93,500,train,0.000567,0.000573,0.170364,,,,,,,,,,,,,,,,,,,,,
93,550,train,0.000587,0.000614,0.136253,,,,,,,,,,,,,,,,,,,,,
93,600,train,0.000493,0.000624,0.237682,,,,,,,,,,,,,,,,,,,,,
93,end,val,,,,0.010596,0.076296,0.077864,0.063436,0.066069,0.603818,0.110628,0.112864,0.091064,0.095475,0.606089,0.733658,0.699764,0.781862,0.761007,-0.014429,0.726279,0.663786,0.788228,0.764997,-0.043665
94,50,train,0.000591,0.000660,0.224583,,,,,,,,,,,,,,,,,,,,,
94,100,train,0.000569,0.000817,0.297857,,,,,,,,,,,,,,,,,,,,,
94,150,train,0.000469,0.000423,0.167292,,,,,,,,,,,,,,,,,,,,,
94,200,train,0.000662,0.000357,0.224043,,,,,,,,,,,,,,,,,,,,,
94,250,train,0.000578,0.000403,0.197231,,,,,,,,,,,,,,,,,,,,,
94,300,train,0.000465,0.000611,0.241251,,,,,,,,,,,,,,,,,,,,,
94,350,train,0.000479,0.000286,0.235028,,,,,,,,,,,,,,,,,,,,,
94,400,train,0.000541,0.000445,0.166795,,,,,,,,,,,,,,,,,,,,,
94,450,train,0.000612,0.000455,0.259242,,,,,,,,,,,,,,,,,,,,,
94,500,train,0.000571,0.000779,0.196443,,,,,,,,,,,,,,,,,,,,,
94,550,train,0.000538,0.000436,0.231454,,,,,,,,,,,,,,,,,,,,,
94,600,train,0.000496,0.000248,0.420023,,,,,,,,,,,,,,,,,,,,,
94,end,val,,,,0.010491,0.075931,0.079359,0.062196,0.065236,0.602725,0.110342,0.114300,0.089249,0.093598,0.604859,0.726855,0.697046,0.783786,0.763949,-0.015919,0.721599,0.657469,0.789072,0.764753,-0.047651
95,50,train,0.000567,0.000599,0.221922,,,,,,,,,,,,,,,,,,,,,
95,100,train,0.000571,0.000624,0.172455,,,,,,,,,,,,,,,,,,,,,
95,150,train,0.000529,0.000492,0.270678,,,,,,,,,,,,,,,,,,,,,
95,200,train,0.000586,0.000435,0.262659,,,,,,,,,,,,,,,,,,,,,
95,250,train,0.000515,0.000551,0.254901,,,,,,,,,,,,,,,,,,,,,
95,300,train,0.000495,0.000221,0.130122,,,,,,,,,,,,,,,,,,,,,
95,350,train,0.000500,0.000251,0.153920,,,,,,,,,,,,,,,,,,,,,
95,400,train,0.000480,0.000257,0.237301,,,,,,,,,,,,,,,,,,,,,
95,450,train,0.000522,0.000339,0.373712,,,,,,,,,,,,,,,,,,,,,
95,500,train,0.000489,0.000367,0.155603,,,,,,,,,,,,,,,,,,,,,
95,550,train,0.000486,0.000236,0.322457,,,,,,,,,,,,,,,,,,,,,
95,600,train,0.000528,0.000640,0.216291,,,,,,,,,,,,,,,,,,,,,
95,end,val,,,,0.010943,0.078507,0.078565,0.064343,0.066781,0.605742,0.113510,0.113440,0.092884,0.096919,0.608050,0.727822,0.695954,0.776472,0.763314,-0.006960,0.720914,0.660531,0.783344,0.769088,-0.040950
96,50,train,0.000760,0.000375,0.302671,,,,,,,,,,,,,,,,,,,,,
96,100,train,0.000551,0.000493,0.273657,,,,,,,,,,,,,,,,,,,,,
96,150,train,0.000598,0.000822,0.297567,,,,,,,,,,,,,,,,,,,,,
96,200,train,0.000595,0.000222,0.223326,,,,,,,,,,,,,,,,,,,,,
96,250,train,0.000621,0.000516,0.201480,,,,,,,,,,,,,,,,,,,,,
96,300,train,0.000631,0.000382,0.155708,,,,,,,,,,,,,,,,,,,,,
96,350,train,0.000591,0.001124,0.266232,,,,,,,,,,,,,,,,,,,,,
96,400,train,0.000539,0.000477,0.129221,,,,,,,,,,,,,,,,,,,,,
96,450,train,0.000538,0.000636,0.250299,,,,,,,,,,,,,,,,,,,,,
96,500,train,0.000486,0.000206,0.257149,,,,,,,,,,,,,,,,,,,,,
96,550,train,0.000522,0.000465,0.219131,,,,,,,,,,,,,,,,,,,,,
96,600,train,0.000477,0.000601,0.270097,,,,,,,,,,,,,,,,,,,,,
96,end,val,,,,0.010447,0.075419,0.080257,0.062965,0.064760,0.595806,0.109124,0.114974,0.090012,0.092508,0.598018,0.731096,0.705150,0.777943,0.766691,-0.013301,0.721682,0.665566,0.780578,0.772073,-0.043552
97,50,train,0.000515,0.000512,0.171079,,,,,,,,,,,,,,,,,,,,,
97,100,train,0.000524,0.000932,0.351228,,,,,,,,,,,,,,,,,,,,,
97,150,train,0.000535,0.000325,0.211189,,,,,,,,,,,,,,,,,,,,,
97,200,train,0.000477,0.000233,0.249077,,,,,,,,,,,,,,,,,,,,,
97,250,train,0.000474,0.000205,0.185916,,,,,,,,,,,,,,,,,,,,,
97,300,train,0.000544,0.000610,0.257786,,,,,,,,,,,,,,,,,,,,,
97,350,train,0.000480,0.000691,0.232636,,,,,,,,,,,,,,,,,,,,,
97,400,train,0.000594,0.000667,0.261245,,,,,,,,,,,,,,,,,,,,,
97,450,train,0.000512,0.000430,0.284954,,,,,,,,,,,,,,,,,,,,,
97,500,train,0.000497,0.000453,0.216055,,,,,,,,,,,,,,,,,,,,,
97,550,train,0.000572,0.001147,0.295127,,,,,,,,,,,,,,,,,,,,,
97,600,train,0.000545,0.000780,0.176246,,,,,,,,,,,,,,,,,,,,,
97,end,val,,,,0.010585,0.076384,0.077825,0.063825,0.066050,0.599692,0.110790,0.112878,0.091246,0.094857,0.601768,0.728741,0.694990,0.778989,0.765873,-0.021557,0.722738,0.660357,0.784026,0.770897,-0.053848
98,50,train,0.000562,0.001009,0.214039,,,,,,,,,,,,,,,,,,,,,
98,100,train,0.000569,0.000365,0.246810,,,,,,,,,,,,,,,,,,,,,
98,150,train,0.000519,0.000329,0.121566,,,,,,,,,,,,,,,,,,,,,
98,200,train,0.000464,0.000423,0.238201,,,,,,,,,,,,,,,,,,,,,
98,250,train,0.000628,0.000594,0.301817,,,,,,,,,,,,,,,,,,,,,
98,300,train,0.000483,0.000348,0.125238,,,,,,,,,,,,,,,,,,,,,
98,350,train,0.000520,0.000175,0.281442,,,,,,,,,,,,,,,,,,,,,
98,400,train,0.000518,0.000650,0.269134,,,,,,,,,,,,,,,,,,,,,
98,450,train,0.000645,0.001367,0.199341,,,,,,,,,,,,,,,,,,,,,
98,500,train,0.000523,0.000355,0.215991,,,,,,,,,,,,,,,,,,,,,
98,550,train,0.000612,0.000382,0.172813,,,,,,,,,,,,,,,,,,,,,
98,600,train,0.000498,0.001173,0.250050,,,,,,,,,,,,,,,,,,,,,
98,end,val,,,,0.010125,0.074262,0.077097,0.062291,0.064748,0.595998,0.107018,0.111644,0.089140,0.092925,0.597891,0.736578,0.700812,0.783653,0.767404,-0.013064,0.725890,0.662633,0.788688,0.772010,-0.041043
99,50,train,0.000581,0.000238,0.210007,,,,,,,,,,,,,,,,,,,,,
99,100,train,0.000490,0.000713,0.262926,,,,,,,,,,,,,,,,,,,,,
99,150,train,0.000487,0.000232,0.230068,,,,,,,,,,,,,,,,,,,,,
99,200,train,0.000459,0.000271,0.227266,,,,,,,,,,,,,,,,,,,,,
99,250,train,0.000489,0.000467,0.268747,,,,,,,,,,,,,,,,,,,,,
99,300,train,0.000482,0.000630,0.193111,,,,,,,,,,,,,,,,,,,,,
99,350,train,0.000562,0.000434,0.201066,,,,,,,,,,,,,,,,,,,,,
99,400,train,0.000590,0.001227,0.172449,,,,,,,,,,,,,,,,,,,,,
99,450,train,0.000493,0.000262,0.253085,,,,,,,,,,,,,,,,,,,,,
99,500,train,0.000478,0.000285,0.185709,,,,,,,,,,,,,,,,,,,,,
99,550,train,0.000467,0.000332,0.258402,,,,,,,,,,,,,,,,,,,,,
99,600,train,0.000601,0.000758,0.191562,,,,,,,,,,,,,,,,,,,,,
99,end,val,,,,0.010292,0.074682,0.078072,0.062927,0.065646,0.587548,0.107941,0.113134,0.089325,0.093476,0.589331,0.731336,0.695091,0.779725,0.762017,-0.021217,0.721849,0.654152,0.782123,0.763632,-0.051720
100,50,train,0.000498,0.000380,0.173192,,,,,,,,,,,,,,,,,,,,,
100,100,train,0.000496,0.000310,0.181076,,,,,,,,,,,,,,,,,,,,,
100,150,train,0.000434,0.000442,0.259887,,,,,,,,,,,,,,,,,,,,,
100,200,train,0.000495,0.001148,0.177969,,,,,,,,,,,,,,,,,,,,,
100,250,train,0.000497,0.000348,0.326993,,,,,,,,,,,,,,,,,,,,,
100,300,train,0.000533,0.001088,0.227054,,,,,,,,,,,,,,,,,,,,,
100,350,train,0.000483,0.000539,0.200803,,,,,,,,,,,,,,,,,,,,,
100,400,train,0.000478,0.000601,0.206342,,,,,,,,,,,,,,,,,,,,,
100,450,train,0.000542,0.000318,0.263481,,,,,,,,,,,,,,,,,,,,,
100,500,train,0.000516,0.000657,0.135597,,,,,,,,,,,,,,,,,,,,,
100,550,train,0.000458,0.000456,0.143996,,,,,,,,,,,,,,,,,,,,,
100,600,train,0.000483,0.000476,0.203876,,,,,,,,,,,,,,,,,,,,,
100,end,val,,,,0.010336,0.075801,0.077853,0.062398,0.065449,0.585889,0.109713,0.112000,0.089086,0.093941,0.587749,0.732295,0.706101,0.781186,0.763732,-0.024780,0.725259,0.673348,0.785461,0.764105,-0.049942
